Unnamed: 0,passenger_id,name,age,sibsp,parch,fare,cabin,boat,body,survived,sex_female,pclass_1,pclass_2,pclass_3,title,familysize,isalone
0,1216,735,29.461300741839764,0,0,7.7333,0,5,0.0,1,1.0,0.0,0.0,1.0,7,1,1
1,699,123,38.0,0,0,8.6625,0,0,0.0,0,0.0,0.0,0.0,1.0,10,1,1
2,1267,781,30.0,1,1,24.15,0,0,0.0,0,1.0,0.0,0.0,1.0,11,3,0
3,449,360,54.0,1,3,23.0,0,14,0.0,1,1.0,0.0,1.0,0.0,11,5,0
4,576,790,40.0,0,0,13.0,0,0,0.0,0,0.0,0.0,1.0,0.0,10,1,1
5,1083,587,28.0,0,0,22.525,0,0,173.0,0,0.0,0.0,0.0,1.0,10,1,1
6,898,398,19.0,0,0,0.0,0,0,0.0,0,0.0,0.0,0.0,1.0,10,1,1
7,560,718,30.0,0,0,13.0,0,2,0.0,1,1.0,0.0,1.0,0.0,7,1,1
8,1079,585,22.0,0,0,7.775,0,24,0.0,1,1.0,0.0,0.0,1.0,7,1,1
9,908,406,21.0,1,0,9.825,0,0,0.0,0,1.0,0.0,0.0,1.0,7,2,0
10,313,819,27.0,0,2,211.5,76,0,0.0,0,0.0,1.0,0.0,0.0,10,3,0
11,43,113,60.0,0,0,76.2917,86,20,0.0,1,1.0,1.0,0.0,0.0,11,1,1
12,233,636,56.0,0,1,83.1583,64,19,0.0,1,1.0,1.0,0.0,0.0,11,2,0
13,446,357,20.0,2,1,23.0,0,14,0.0,1,1.0,0.0,1.0,0.0,7,4,0
14,602,2,16.0,1,1,20.25,0,0,190.0,0,0.0,0.0,0.0,1.0,10,3,0
15,884,388,48.0,0,0,7.8542,0,0,0.0,0,0.0,0.0,0.0,1.0,10,1,1
16,497,506,40.0,0,0,16.0,0,0,0.0,0,0.0,0.0,1.0,0.0,10,1,1
17,1003,511,29.461300741839764,2,0,23.25,0,11,0.0,1,0.0,0.0,0.0,1.0,10,3,0
18,36,99,22.0,0,1,55.0,114,18,0.0,1,1.0,1.0,0.0,0.0,7,2,0
19,1088,591,32.0,0,0,7.775,0,22,0.0,1,0.0,0.0,0.0,1.0,10,1,1
20,978,483,27.0,0,0,8.6625,0,9,0.0,1,0.0,0.0,0.0,1.0,10,1,1
21,1030,537,29.461300741839764,0,0,8.4583,0,0,0.0,0,0.0,0.0,0.0,1.0,10,1,1
22,438,346,24.0,1,2,65.0,0,21,0.0,1,1.0,0.0,1.0,0.0,7,4,0
23,766,216,25.0,0,0,7.8958,0,0,0.0,0,0.0,0.0,0.0,1.0,10,1,1
24,661,55,18.0,0,0,8.05,0,24,0.0,1,1.0,0.0,0.0,1.0,7,1,1
25,556,711,27.0,0,0,26.0,0,0,0.0,0,0.0,0.0,1.0,0.0,10,1,1
26,1008,515,35.0,0,0,7.75,0,0,0.0,0,1.0,0.0,0.0,1.0,7,1,1
27,575,779,27.0,1,0,21.0,0,0,0.0,0,1.0,0.0,1.0,0.0,11,2,0
28,775,226,29.461300741839764,0,0,7.2292,0,0,0.0,0,0.0,0.0,0.0,1.0,10,1,1
29,162,366,42.0,1,0,52.0,0,0,38.0,0,0.0,1.0,0.0,0.0,10,2,0
30,15,66,29.461300741839764,0,0,25.925,0,0,0.0,0,0.0,1.0,0.0,0.0,10,1,1
31,1002,510,29.461300741839764,2,0,23.25,0,11,0.0,1,1.0,0.0,0.0,1.0,7,3,0
32,737,188,19.0,0,0,8.1583,0,0,0.0,0,0.0,0.0,0.0,1.0,10,1,1
33,1162,677,29.461300741839764,0,0,7.75,0,8,0.0,1,0.0,0.0,0.0,1.0,10,1,1
34,420,289,21.0,1,0,11.5,0,0,0.0,0,0.0,0.0,1.0,0.0,10,2,0
35,601,1,13.0,0,2,20.25,0,0,0.0,0,0.0,0.0,0.0,1.0,6,3,0
36,877,378,27.0,1,0,7.925,0,0,0.0,0,1.0,0.0,0.0,1.0,7,2,0
37,249,679,13.0,2,2,262.375,31,14,0.0,1,0.0,1.0,0.0,0.0,6,5,0
38,973,479,29.461300741839764,0,0,7.55,0,0,0.0,0,0.0,0.0,0.0,1.0,10,1,1
39,407,253,29.0,1,0,26.0,0,11,0.0,1,1.0,0.0,1.0,0.0,11,2,0
40,1169,688,38.5,0,0,7.25,0,0,32.0,0,0.0,0.0,0.0,1.0,10,1,1
41,1197,712,29.461300741839764,0,0,15.1,0,0,0.0,0,0.0,0.0,0.0,1.0,10,1,1
42,275,740,40.0,1,1,134.5,115,13,0.0,1,1.0,1.0,0.0,0.0,11,3,0
43,87,202,27.0,0,0,30.5,0,13,0.0,1,0.0,1.0,0.0,0.0,10,1,1
44,148,327,45.0,1,0,83.475,77,0,0.0,0,0.0,1.0,0.0,0.0,10,2,0
45,1239,763,34.0,0,0,8.05,0,0,176.0,0,0.0,0.0,0.0,1.0,10,1,1
46,495,497,29.461300741839764,0,0,15.5792,0,0,0.0,0,0.0,0.0,1.0,0.0,10,1,1
47,1179,697,29.461300741839764,1,9,69.55,0,0,0.0,0,0.0,0.0,0.0,1.0,10,11,0
48,689,105,22.0,1,0,7.25,0,0,0.0,0,0.0,0.0,0.0,1.0,10,2,0
49,330,38,57.0,0,0,13.0,0,0,0.0,0,0.0,0.0,1.0,0.0,10,1,1
50,540,638,2.0,1,1,26.0,0,3,0.0,1,1.0,0.0,1.0,0.0,7,3,0
51,918,414,29.461300741839764,0,0,7.2292,0,0,0.0,0,0.0,0.0,0.0,1.0,10,1,1
52,139,308,58.0,0,1,153.4625,50,13,0.0,1,1.0,1.0,0.0,0.0,11,2,0
53,804,259,29.461300741839764,0,0,7.75,0,0,0.0,0,0.0,0.0,0.0,1.0,10,1,1
54,1148,659,35.0,0,0,7.125,0,0,0.0,0,0.0,0.0,0.0,1.0,10,1,1
55,1250,772,29.461300741839764,0,0,7.8958,0,0,0.0,0,0.0,0.0,0.0,1.0,10,1,1
56,817,290,22.0,0,0,8.05,0,0,47.0,0,0.0,0.0,0.0,1.0,10,1,1
57,142,311,46.0,0,0,79.2,39,0,0.0,0,0.0,1.0,0.0,0.0,10,1,1
58,570,773,50.0,0,0,10.5,0,21,0.0,1,1.0,0.0,1.0,0.0,7,1,1
59,55,141,14.0,1,2,120.0,42,14,0.0,1,1.0,1.0,0.0,0.0,7,4,0
60,50,133,58.0,0,1,262.375,29,13,0.0,1,1.0,1.0,0.0,0.0,11,2,0
61,447,358,23.0,2,1,11.5,0,0,0.0,0,0.0,0.0,1.0,0.0,10,4,0
62,173,419,32.5,0,0,211.5,53,0,45.0,0,0.0,1.0,0.0,0.0,10,1,1
63,958,459,29.461300741839764,0,4,25.4667,0,0,0.0,0,1.0,0.0,0.0,1.0,11,5,0
64,719,163,18.0,0,0,8.05,0,4,0.0,1,0.0,0.0,0.0,1.0,10,1,1
65,273,739,6.0,0,2,134.5,115,13,0.0,1,0.0,1.0,0.0,0.0,6,3,0
66,710,137,37.0,0,0,7.75,0,0,0.0,0,1.0,0.0,0.0,1.0,7,1,1
67,762,213,1.0,1,2,20.575,0,2,0.0,1,0.0,0.0,0.0,1.0,6,4,0
68,950,452,29.0,0,0,9.4833,0,0,0.0,0,0.0,0.0,0.0,1.0,10,1,1
69,268,733,24.0,1,0,60.0,59,0,0.0,0,0.0,1.0,0.0,0.0,10,2,0
70,355,116,36.0,0,0,13.0,0,21,0.0,1,1.0,0.0,1.0,0.0,7,1,1
71,504,524,39.0,0,0,13.0,0,0,0.0,0,0.0,0.0,1.0,0.0,10,1,1
72,57,143,36.0,1,2,120.0,42,14,0.0,1,1.0,1.0,0.0,0.0,11,4,0
73,712,147,24.0,0,0,8.05,0,0,0.0,0,0.0,0.0,0.0,1.0,10,1,1
74,600,0,42.0,0,0,7.55,0,0,0.0,0,0.0,0.0,0.0,1.0,10,1,1
75,821,296,33.0,1,1,20.525,0,0,0.0,0,0.0,0.0,0.0,1.0,10,3,0
76,634,33,26.0,0,0,7.8958,0,0,0.0,0,0.0,0.0,0.0,1.0,10,1,1
77,970,473,20.0,1,0,7.925,0,9,0.0,1,0.0,0.0,0.0,1.0,10,2,0
78,1093,595,16.0,0,0,9.2167,0,0,0.0,0,0.0,0.0,0.0,1.0,10,1,1
79,1178,696,29.461300741839764,8,2,69.55,0,0,0.0,0,0.0,0.0,0.0,1.0,10,11,0
80,848,320,41.0,2,0,14.1083,0,0,0.0,0,0.0,0.0,0.0,1.0,10,3,0
81,182,454,30.0,0,0,106.425,0,12,0.0,1,1.0,1.0,0.0,0.0,7,1,1
82,185,470,42.0,0,0,26.55,0,0,0.0,0,0.0,1.0,0.0,0.0,10,1,1
83,716,158,26.0,1,0,14.4542,0,0,0.0,0,0.0,0.0,0.0,1.0,10,2,0
84,722,166,24.0,0,0,7.4958,0,0,0.0,0,0.0,0.0,0.0,1.0,10,1,1
85,744,197,19.0,0,0,10.1708,0,0,0.0,0,0.0,0.0,0.0,1.0,10,1,1
86,1091,594,20.0,0,0,8.6625,0,0,0.0,0,1.0,0.0,0.0,1.0,7,1,1
87,926,424,29.461300741839764,0,0,7.75,0,0,0.0,1,0.0,0.0,0.0,1.0,10,1,1
88,1139,644,38.0,0,0,7.8958,0,0,0.0,0,0.0,0.0,0.0,1.0,10,1,1
89,824,299,38.0,0,0,7.05,0,0,0.0,0,0.0,0.0,0.0,1.0,10,1,1
90,296,762,39.0,1,1,110.8833,72,14,0.0,1,1.0,1.0,0.0,0.0,11,3,0
91,708,135,24.0,0,0,7.8542,0,0,0.0,0,0.0,0.0,0.0,1.0,10,1,1
92,698,122,18.0,0,0,8.6625,0,0,0.0,0,0.0,0.0,0.0,1.0,10,1,1
93,938,436,18.0,1,1,7.8542,0,0,0.0,0,0.0,0.0,0.0,1.0,10,3,0
94,1054,559,29.461300741839764,0,0,7.75,0,0,0.0,0,1.0,0.0,0.0,1.0,7,1,1
95,150,330,40.0,0,0,0.0,41,0,110.0,0,0.0,1.0,0.0,0.0,10,1,1
96,1184,702,29.461300741839764,2,0,21.6792,0,0,0.0,0,0.0,0.0,0.0,1.0,10,3,0
97,1304,838,14.5,1,0,14.4542,0,0,299.7699999999997,0,1.0,0.0,0.0,1.0,7,2,0
98,994,499,29.461300741839764,0,0,7.2292,125,0,0.0,0,0.0,0.0,0.0,1.0,10,1,1
99,793,246,47.0,0,0,7.25,0,0,0.0,0,0.0,0.0,0.0,1.0,10,1,1
100,704,130,21.0,0,0,8.05,0,0,0.0,0,0.0,0.0,0.0,1.0,10,1,1
101,1154,665,29.461300741839764,0,0,8.05,0,0,0.0,0,0.0,0.0,0.0,1.0,10,1,1
102,1214,730,29.461300741839764,0,0,8.6625,0,0,0.0,0,0.0,0.0,0.0,1.0,10,1,1
103,293,760,29.461300741839764,1,0,52.0,51,16,0.0,1,1.0,1.0,0.0,0.0,11,2,0
104,399,236,42.0,1,1,32.5,0,0,0.0,0,0.0,0.0,1.0,0.0,10,3,0
105,1228,749,31.0,0,0,7.925,0,21,0.0,1,0.0,0.0,0.0,1.0,10,1,1
106,448,359,36.0,0,0,13.0,0,0,0.0,0,0.0,0.0,1.0,0.0,10,1,1
107,705,131,29.461300741839764,1,0,14.4583,0,0,0.0,0,0.0,0.0,0.0,1.0,10,2,0
108,118,271,29.461300741839764,0,0,26.55,95,0,0.0,0,0.0,1.0,0.0,0.0,10,1,1
109,761,843,16.0,0,0,9.5,0,0,0.0,0,0.0,0.0,0.0,1.0,10,1,1
110,385,204,8.0,1,1,36.75,0,8,0.0,1,0.0,0.0,1.0,0.0,6,3,0
111,496,505,30.0,0,0,13.0,0,0,0.0,0,0.0,0.0,1.0,0.0,10,1,1
112,229,619,17.0,1,0,108.9,71,20,0.0,1,1.0,1.0,0.0,0.0,11,2,0
113,170,381,49.0,0,0,0.0,30,24,0.0,1,0.0,1.0,0.0,0.0,10,1,1
114,947,447,22.0,0,0,7.25,0,5,0.0,1,1.0,0.0,0.0,1.0,7,1,1
115,668,65,22.0,0,0,8.05,0,0,0.0,0,0.0,0.0,0.0,1.0,10,1,1
116,1237,758,24.0,0,0,7.7958,0,0,0.0,0,0.0,0.0,0.0,1.0,10,1,1
117,764,215,26.0,1,2,20.575,0,0,0.0,0,0.0,0.0,0.0,1.0,10,4,0
118,654,52,20.0,0,0,7.225,0,0,0.0,0,0.0,0.0,0.0,1.0,10,1,1
119,181,455,49.0,0,0,25.9292,87,20,0.0,1,1.0,1.0,0.0,0.0,3,1,1
120,1129,628,25.0,1,0,7.775,0,0,0.0,0,0.0,0.0,0.0,1.0,10,2,0
121,337,70,19.0,1,0,26.0,0,5,0.0,1,1.0,0.0,1.0,0.0,11,2,0
122,329,34,36.0,1,0,26.0,0,3,0.0,1,1.0,0.0,1.0,0.0,11,2,0
123,405,250,18.0,0,0,13.0,0,0,0.0,0,0.0,0.0,1.0,0.0,10,1,1
124,98,232,48.0,1,0,106.425,79,12,0.0,1,1.0,1.0,0.0,0.0,11,2,0
125,558,714,18.0,0,2,13.0,0,11,0.0,1,1.0,0.0,1.0,0.0,7,3,0
126,1130,629,18.0,0,0,7.775,0,0,0.0,0,1.0,0.0,0.0,1.0,7,1,1
127,309,815,31.0,0,2,164.8667,73,20,0.0,1,1.0,1.0,0.0,0.0,7,3,0
128,998,504,29.461300741839764,0,0,7.8958,0,0,0.0,0,0.0,0.0,0.0,1.0,10,1,1
129,202,514,36.0,0,0,26.2875,112,19,0.0,1,0.0,1.0,0.0,0.0,10,1,1
130,827,301,11.0,5,2,46.9,0,0,0.0,0,0.0,0.0,0.0,1.0,6,8,0
131,186,474,55.0,0,0,27.7208,0,18,0.0,1,1.0,1.0,0.0,0.0,11,1,1
132,1180,698,29.461300741839764,1,9,69.55,0,0,0.0,0,1.0,0.0,0.0,1.0,11,11,0
133,960,461,34.5,0,0,6.4375,0,0,196.0,0,0.0,0.0,0.0,1.0,10,1,1
134,408,254,18.0,0,0,10.5,0,0,0.0,0,0.0,0.0,1.0,0.0,10,1,1
135,477,446,29.461300741839764,0,0,10.7083,0,0,0.0,0,0.0,0.0,1.0,0.0,10,1,1
136,546,647,28.0,0,0,13.0,0,21,0.0,1,1.0,0.0,1.0,0.0,12,1,1
137,356,117,25.0,0,0,13.0,0,0,97.0,0,0.0,0.0,1.0,0.0,10,1,1
138,1307,840,27.0,0,0,7.225,0,0,0.0,0,0.0,0.0,0.0,1.0,10,1,1
139,70,155,29.461300741839764,0,0,0.0,0,0,0.0,0,0.0,1.0,0.0,0.0,10,1,1
140,902,401,29.461300741839764,1,2,23.45,0,0,0.0,0,0.0,0.0,0.0,1.0,10,4,0
141,1049,553,20.0,1,1,15.7417,0,24,0.0,1,0.0,0.0,0.0,1.0,10,3,0
142,86,199,51.0,0,0,26.55,110,17,0.0,1,0.0,1.0,0.0,0.0,10,1,1
143,343,75,34.0,0,0,13.0,105,5,0.0,1,0.0,0.0,1.0,0.0,10,1,1
144,896,396,49.0,0,0,0.0,0,0,0.0,0,0.0,0.0,0.0,1.0,10,1,1
145,419,288,21.0,1,0,11.5,0,0,0.0,0,0.0,0.0,1.0,0.0,10,2,0
146,940,438,29.461300741839764,0,0,7.8958,0,0,0.0,0,0.0,0.0,0.0,1.0,10,1,1
147,872,371,29.461300741839764,0,0,8.05,0,24,0.0,1,1.0,0.0,0.0,1.0,7,1,1
148,433,328,30.0,0,0,10.5,0,0,0.0,0,0.0,0.0,1.0,0.0,10,1,1
149,68,152,45.0,0,0,29.7,10,19,0.0,1,0.0,1.0,0.0,0.0,10,1,1
150,763,214,1.0,1,2,20.575,0,2,0.0,1,1.0,0.0,0.0,1.0,7,4,0
151,1115,615,29.461300741839764,0,0,7.775,0,0,0.0,0,0.0,0.0,0.0,1.0,10,1,1
152,782,237,64.0,0,0,7.75,0,0,0.0,0,0.0,0.0,0.0,1.0,10,1,1
153,228,618,18.0,1,0,108.9,71,0,0.0,0,0.0,1.0,0.0,0.0,10,2,0
154,850,322,21.0,0,0,7.8542,0,0,69.0,0,0.0,0.0,0.0,1.0,10,1,1
155,751,203,25.0,0,0,7.8958,0,0,0.0,0,0.0,0.0,0.0,1.0,10,1,1
156,1301,834,45.5,0,0,7.225,0,0,299.7699999999997,0,0.0,0.0,0.0,1.0,10,1,1
157,789,242,29.461300741839764,0,0,7.225,0,0,0.0,0,0.0,0.0,0.0,1.0,10,1,1
158,508,538,54.0,0,0,14.0,0,0,0.0,0,0.0,0.0,1.0,0.0,3,1,1
159,83,192,64.0,1,1,26.55,19,19,0.0,1,1.0,1.0,0.0,0.0,11,3,0
160,592,808,36.0,1,2,27.75,0,0,0.0,0,0.0,0.0,1.0,0.0,10,4,0
161,814,278,25.0,0,0,7.7417,0,0,0.0,0,0.0,0.0,0.0,1.0,10,1,1
162,1272,786,47.0,0,0,9.0,0,0,0.0,0,0.0,0.0,0.0,1.0,10,1,1
163,1111,611,1.0,1,1,13.775,0,0,0.0,0,0.0,0.0,0.0,1.0,6,3,0
164,138,307,38.0,0,1,153.4625,81,0,147.0,0,0.0,1.0,0.0,0.0,10,2,0
165,900,399,29.461300741839764,1,2,23.45,0,0,0.0,0,0.0,0.0,0.0,1.0,6,4,0
166,1177,695,29.461300741839764,8,2,69.55,0,0,0.0,0,0.0,0.0,0.0,1.0,10,11,0
167,720,164,24.0,0,0,7.25,0,0,0.0,0,0.0,0.0,0.0,1.0,10,1,1
168,193,490,15.0,0,1,211.3375,27,12,0.0,1,1.0,1.0,0.0,0.0,7,2,0
169,870,368,27.0,0,0,7.925,0,0,0.0,1,1.0,0.0,0.0,1.0,7,1,1
170,180,440,39.0,0,0,211.3375,0,12,0.0,1,1.0,1.0,0.0,0.0,7,1,1
171,682,96,29.461300741839764,0,2,7.75,0,0,0.0,0,1.0,0.0,0.0,1.0,7,3,0
172,1136,641,29.461300741839764,0,0,8.1125,0,0,0.0,0,1.0,0.0,0.0,1.0,11,1,1
173,1138,643,29.461300741839764,0,0,7.25,0,0,0.0,0,0.0,0.0,0.0,1.0,10,1,1
174,485,465,36.0,0,0,12.875,84,0,0.0,0,0.0,0.0,1.0,0.0,10,1,1
175,949,448,26.0,0,0,56.4958,0,8,0.0,1,0.0,0.0,0.0,1.0,10,1,1
176,14,63,64.0,0,0,30.0,3,23,0.0,1,0.0,1.0,0.0,0.0,10,1,1
177,3,18,30.0,1,2,151.55,55,0,135.0,0,0.0,1.0,0.0,0.0,10,4,0
178,1281,793,22.0,0,0,9.0,0,0,0.0,0,0.0,0.0,0.0,1.0,10,1,1
179,624,23,2.0,4,2,31.275,0,0,0.0,0,1.0,0.0,0.0,1.0,7,7,0
180,868,365,43.0,0,0,6.45,0,0,0.0,0,0.0,0.0,0.0,1.0,10,1,1
181,327,32,25.0,0,0,10.5,0,0,0.0,0,0.0,0.0,1.0,0.0,10,1,1
182,491,495,29.461300741839764,0,0,15.0458,84,0,0.0,0,0.0,0.0,1.0,0.0,10,1,1
183,211,535,47.0,0,0,42.4,0,0,0.0,0,0.0,1.0,0.0,0.0,10,1,1
184,549,655,3.0,1,1,18.75,0,14,0.0,1,0.0,0.0,1.0,0.0,6,3,0
185,673,80,20.0,0,0,4.0125,0,0,0.0,0,0.0,0.0,0.0,1.0,10,1,1
186,983,488,29.461300741839764,0,0,7.55,0,0,0.0,0,0.0,0.0,0.0,1.0,10,1,1
187,179,434,29.461300741839764,0,0,26.55,49,0,0.0,0,0.0,1.0,0.0,0.0,10,1,1
188,525,598,23.0,0,0,10.5,0,0,0.0,0,0.0,0.0,1.0,0.0,3,1,1
189,1068,577,61.0,0,0,6.2375,0,0,0.0,0,0.0,0.0,0.0,1.0,10,1,1
190,741,195,22.5,0,0,7.225,0,0,9.0,0,0.0,0.0,0.0,1.0,10,1,1
191,395,227,18.0,0,1,23.0,0,0,0.0,1,1.0,0.0,1.0,0.0,7,2,0
192,1108,608,19.0,0,0,14.5,0,0,0.0,0,0.0,0.0,0.0,1.0,10,1,1
193,735,186,36.0,0,2,15.9,0,12,0.0,1,1.0,0.0,0.0,1.0,11,3,0
194,1070,578,29.461300741839764,0,0,7.8292,0,0,0.0,0,0.0,0.0,0.0,1.0,10,1,1
195,1097,600,6.0,3,1,21.075,0,0,0.0,0,0.0,0.0,0.0,1.0,6,5,0
196,1145,651,8.0,4,1,29.125,0,0,0.0,0,0.0,0.0,0.0,1.0,6,6,0
197,1121,623,29.461300741839764,1,1,22.3583,0,24,0.0,1,0.0,0.0,0.0,1.0,6,3,0
198,831,305,40.0,1,6,46.9,0,0,0.0,0,0.0,0.0,0.0,1.0,10,8,0
199,128,282,47.0,0,0,38.5,123,0,275.0,0,0.0,1.0,0.0,0.0,10,1,1
200,797,251,40.5,0,0,7.75,0,0,68.0,0,0.0,0.0,0.0,1.0,10,1,1
201,825,300,9.0,5,2,46.9,0,0,0.0,0,0.0,0.0,0.0,1.0,6,8,0
202,12,49,24.0,0,0,69.3,21,21,0.0,1,1.0,1.0,0.0,0.0,9,1,1
203,1207,724,10.0,3,2,27.9,0,0,0.0,0,0.0,0.0,0.0,1.0,6,6,0
204,800,257,29.461300741839764,0,0,7.75,0,0,0.0,0,1.0,0.0,0.0,1.0,7,1,1
205,159,354,16.0,0,1,57.9792,14,14,0.0,1,1.0,1.0,0.0,0.0,7,2,0
206,1294,826,28.5,0,0,16.1,0,0,14.0,0,0.0,0.0,0.0,1.0,10,1,1
207,1141,648,10.0,4,1,29.125,0,0,0.0,0,0.0,0.0,0.0,1.0,6,6,0
208,131,285,45.0,0,1,59.4,0,19,0.0,1,1.0,1.0,0.0,0.0,11,2,0
209,1128,627,29.461300741839764,0,0,7.8958,0,0,0.0,0,0.0,0.0,0.0,1.0,10,1,1
210,424,293,30.0,0,0,13.0,0,0,299.7699999999997,0,0.0,0.0,1.0,0.0,10,1,1
211,1222,743,33.0,0,0,8.6625,0,0,0.0,0,0.0,0.0,0.0,1.0,10,1,1
212,344,76,19.0,0,0,13.0,0,4,0.0,1,1.0,0.0,1.0,0.0,7,1,1
213,844,315,28.0,1,0,15.85,0,0,0.0,0,0.0,0.0,0.0,1.0,10,2,0
214,1066,574,28.5,0,0,7.2292,0,0,181.0,0,0.0,0.0,0.0,1.0,10,1,1
215,1144,650,2.0,4,1,29.125,0,0,0.0,0,0.0,0.0,0.0,1.0,6,6,0
216,19,71,36.0,0,0,75.2417,69,22,0.0,0,0.0,1.0,0.0,0.0,10,1,1
217,879,382,29.461300741839764,0,0,7.8958,0,0,0.0,0,0.0,0.0,0.0,1.0,10,1,1
218,1299,831,27.0,1,0,14.4542,0,24,0.0,0,0.0,0.0,0.0,1.0,10,2,0
219,27,87,19.0,1,0,91.0792,26,19,0.0,1,1.0,1.0,0.0,0.0,11,2,0
220,53,139,17.0,0,0,47.1,0,0,0.0,0,0.0,1.0,0.0,0.0,10,1,1
221,596,822,31.0,0,0,13.0,0,21,0.0,1,0.0,0.0,1.0,0.0,10,1,1
222,236,658,22.0,0,0,135.6333,0,0,232.0,0,0.0,1.0,0.0,0.0,10,1,1
223,300,782,61.0,0,0,33.5,15,0,245.0,0,0.0,1.0,0.0,0.0,10,1,1
224,1275,789,16.0,2,0,18.0,0,0,0.0,0,0.0,0.0,0.0,1.0,10,3,0
225,1187,704,1.0,1,1,16.7,133,5,0.0,1,1.0,0.0,0.0,1.0,7,3,0
226,21,74,47.0,1,1,52.5542,96,15,0.0,1,1.0,1.0,0.0,0.0,11,3,0
227,871,370,29.461300741839764,0,0,7.75,0,0,0.0,0,0.0,0.0,0.0,1.0,10,1,1
228,112,264,28.0,3,2,262.375,56,2,0.0,1,1.0,1.0,0.0,0.0,7,6,0
229,149,329,35.0,1,0,83.475,77,26,0.0,1,1.0,1.0,0.0,0.0,11,2,0
230,10,45,47.0,1,0,227.525,70,0,124.0,0,0.0,1.0,0.0,0.0,1,2,0
231,40,106,29.461300741839764,0,0,39.6,0,0,0.0,0,0.0,1.0,0.0,0.0,3,1,1
232,946,445,29.461300741839764,0,0,56.4958,0,0,0.0,0,0.0,0.0,0.0,1.0,10,1,1
233,1241,765,29.461300741839764,1,0,6.4375,0,0,0.0,0,0.0,0.0,0.0,1.0,10,2,0
234,1282,795,29.461300741839764,0,0,8.05,0,0,0.0,0,0.0,0.0,0.0,1.0,10,1,1
235,230,621,30.0,0,0,93.5,35,13,0.0,1,1.0,1.0,0.0,0.0,7,1,1
236,1098,601,3.0,3,1,21.075,0,0,0.0,0,1.0,0.0,0.0,1.0,7,5,0
237,713,150,21.0,0,0,7.7333,0,0,0.0,0,0.0,0.0,0.0,1.0,10,1,1
238,200,507,46.0,0,0,75.2417,69,0,292.0,0,0.0,1.0,0.0,0.0,10,1,1
239,541,639,8.0,1,1,26.0,0,3,0.0,1,1.0,0.0,1.0,0.0,7,3,0
240,1279,792,14.0,0,0,7.8542,0,0,0.0,0,1.0,0.0,0.0,1.0,7,1,1
241,381,181,30.0,0,0,13.0,0,0,0.0,0,1.0,0.0,1.0,0.0,11,1,1
242,451,363,44.0,1,0,26.0,0,0,0.0,0,0.0,0.0,1.0,0.0,10,2,0
243,5,21,48.0,0,0,26.55,108,13,0.0,1,0.0,1.0,0.0,0.0,10,1,1
244,1053,556,29.461300741839764,0,0,7.2292,0,0,0.0,0,0.0,0.0,0.0,1.0,10,1,1
245,907,405,20.0,1,0,9.825,0,0,0.0,0,1.0,0.0,0.0,1.0,7,2,0
246,115,265,64.0,1,4,262.375,56,0,0.0,0,0.0,1.0,0.0,0.0,10,6,0
247,548,654,1.0,1,1,18.75,0,14,0.0,1,0.0,0.0,1.0,0.0,6,3,0
248,1077,581,29.461300741839764,0,0,7.75,0,26,0.0,1,1.0,0.0,0.0,1.0,7,1,1
249,124,274,48.0,1,1,79.2,25,15,0.0,1,1.0,1.0,0.0,0.0,11,3,0
250,317,827,21.0,0,1,61.3792,0,22,0.0,1,0.0,1.0,0.0,0.0,10,2,0
251,538,635,30.0,0,0,12.7375,0,8,0.0,1,0.0,0.0,1.0,0.0,10,1,1
252,324,6,28.0,1,0,24.0,0,2,0.0,1,1.0,0.0,1.0,0.0,11,2,0
253,663,58,26.0,0,0,7.8958,0,0,0.0,0,0.0,0.0,0.0,1.0,10,1,1
254,100,238,49.0,1,0,56.9292,2,1,0.0,1,0.0,1.0,0.0,0.0,14,2,0
255,498,512,32.0,0,0,13.5,0,0,209.0,0,0.0,0.0,1.0,0.0,10,1,1
256,56,142,36.0,1,2,120.0,42,24,0.0,1,0.0,1.0,0.0,0.0,10,4,0
257,937,435,1.0,1,1,12.1833,0,0,0.0,0,1.0,0.0,0.0,1.0,7,3,0
258,1147,657,22.0,0,0,39.6875,0,0,0.0,0,1.0,0.0,0.0,1.0,7,1,1
259,391,844,29.0,1,0,27.7208,0,0,295.0,0,0.0,0.0,1.0,0.0,10,2,0
260,672,79,29.461300741839764,0,0,7.2292,0,0,0.0,0,0.0,0.0,0.0,1.0,6,1,1
261,362,128,35.0,0,0,21.0,0,8,0.0,1,1.0,0.0,1.0,0.0,7,1,1
262,155,337,52.0,1,1,93.5,34,13,0.0,1,1.0,1.0,0.0,0.0,11,3,0
263,325,12,30.0,0,0,13.0,0,0,0.0,0,0.0,0.0,1.0,0.0,10,1,1
264,773,222,42.0,0,0,8.6625,0,0,0.0,0,0.0,0.0,0.0,1.0,10,1,1
265,753,206,22.0,0,0,8.05,0,0,0.0,0,0.0,0.0,0.0,1.0,10,1,1
266,1181,700,24.0,0,0,9.325,0,0,0.0,0,0.0,0.0,0.0,1.0,10,1,1
267,209,529,30.0,1,0,57.75,74,3,0.0,1,0.0,1.0,0.0,0.0,10,2,0
268,1116,616,29.461300741839764,0,0,8.05,0,0,0.0,0,0.0,0.0,0.0,1.0,10,1,1
269,618,15,35.0,0,0,8.05,0,0,0.0,0,0.0,0.0,0.0,1.0,10,1,1
270,1102,604,7.0,4,1,39.6875,0,0,0.0,0,0.0,0.0,0.0,1.0,6,6,0
271,968,471,36.0,1,0,15.55,0,22,0.0,0,0.0,0.0,0.0,1.0,10,2,0
272,1191,707,20.0,0,0,8.05,0,0,0.0,0,0.0,0.0,0.0,1.0,10,1,1
273,393,217,25.0,0,0,31.5,0,0,0.0,0,0.0,0.0,1.0,0.0,10,1,1
274,652,50,23.0,0,0,7.8542,0,0,0.0,0,0.0,0.0,0.0,1.0,10,1,1
275,506,528,64.0,0,0,10.5,0,0,0.0,0,0.0,0.0,1.0,0.0,10,1,1
276,856,338,29.461300741839764,0,0,7.75,0,11,0.0,1,1.0,0.0,0.0,1.0,7,1,1
277,1230,752,2.0,0,1,10.4625,133,0,0.0,0,1.0,0.0,0.0,1.0,7,2,0
278,597,824,29.461300741839764,0,0,13.0,0,8,0.0,1,0.0,0.0,1.0,0.0,10,1,1
279,1273,787,18.0,2,0,18.0,0,0,0.0,0,1.0,0.0,0.0,1.0,7,3,0
280,1100,602,29.0,0,4,21.075,0,0,206.0,0,1.0,0.0,0.0,1.0,11,5,0
281,379,171,31.0,1,1,26.25,0,8,0.0,1,1.0,0.0,1.0,0.0,11,3,0
282,643,42,5.0,4,2,31.3875,0,9,0.0,1,1.0,0.0,0.0,1.0,7,7,0
283,74,162,29.461300741839764,0,0,52.0,1,0,0.0,0,0.0,1.0,0.0,0.0,10,1,1
284,258,710,30.0,0,0,31.0,0,14,0.0,1,1.0,1.0,0.0,0.0,7,1,1
285,69,153,29.461300741839764,0,1,55.0,114,18,0.0,1,1.0,1.0,0.0,0.0,11,2,0
286,966,469,25.0,0,0,7.775,0,0,0.0,0,1.0,0.0,0.0,1.0,7,1,1
287,307,813,21.0,0,1,77.2875,91,0,169.0,0,0.0,1.0,0.0,0.0,10,2,0
288,2,17,2.0,1,2,151.55,55,0,0.0,0,1.0,1.0,0.0,0.0,7,4,0
289,687,102,20.0,0,0,7.8542,0,0,0.0,0,1.0,0.0,0.0,1.0,7,1,1
290,479,449,3.0,1,2,41.5792,0,8,0.0,1,1.0,0.0,1.0,0.0,7,4,0
291,914,412,33.0,0,0,7.8542,0,0,0.0,0,0.0,0.0,0.0,1.0,10,1,1
292,1055,562,29.461300741839764,0,0,7.8958,0,0,0.0,0,0.0,0.0,0.0,1.0,10,1,1
293,1240,764,1.0,0,1,8.5167,0,11,0.0,1,0.0,0.0,0.0,1.0,6,2,0
294,476,442,30.0,1,1,26.0,0,0,0.0,0,0.0,0.0,1.0,0.0,13,3,0
295,321,830,62.0,0,0,26.55,0,0,0.0,0,0.0,1.0,0.0,0.0,10,1,1
296,456,373,60.0,1,0,26.0,0,0,0.0,0,1.0,0.0,1.0,0.0,11,2,0
297,136,306,53.0,0,0,28.5,65,23,0.0,1,0.0,1.0,0.0,0.0,1,1,1
298,604,4,16.0,0,0,7.65,0,11,0.0,1,1.0,0.0,0.0,1.0,7,1,1
299,1218,737,30.0,0,0,8.05,0,0,0.0,0,0.0,0.0,0.0,1.0,10,1,1
300,1159,671,29.461300741839764,0,0,8.05,0,24,0.0,1,1.0,0.0,0.0,1.0,7,1,1
301,1119,620,22.0,0,0,7.25,0,0,0.0,0,0.0,0.0,0.0,1.0,10,1,1
302,224,607,45.5,0,0,28.5,49,0,166.0,0,0.0,1.0,0.0,0.0,10,1,1
303,499,513,30.0,0,0,13.0,0,0,0.0,0,0.0,0.0,1.0,0.0,10,1,1
304,1127,626,19.0,0,0,7.8958,0,0,0.0,0,0.0,0.0,0.0,1.0,10,1,1
305,703,129,21.0,0,0,7.75,0,0,0.0,0,0.0,0.0,0.0,1.0,10,1,1
306,656,54,33.0,3,0,15.85,0,0,0.0,1,1.0,0.0,0.0,1.0,11,4,0
307,897,397,33.0,0,0,7.775,0,0,37.0,0,0.0,0.0,0.0,1.0,10,1,1
308,288,759,48.0,0,0,25.9292,87,20,0.0,1,1.0,1.0,0.0,0.0,11,1,1
309,195,493,16.0,0,0,86.5,37,20,0.0,1,1.0,1.0,0.0,0.0,7,1,1
310,250,680,18.0,2,2,262.375,31,14,0.0,1,1.0,1.0,0.0,0.0,7,5,0
311,662,56,40.0,0,0,7.225,0,0,0.0,0,0.0,0.0,0.0,1.0,10,1,1
312,423,292,34.0,0,0,13.0,0,0,0.0,0,0.0,0.0,1.0,0.0,10,1,1
313,854,332,29.461300741839764,0,0,6.8583,0,0,0.0,0,0.0,0.0,0.0,1.0,10,1,1
314,620,20,32.0,0,0,22.525,0,0,260.0,0,0.0,0.0,0.0,1.0,10,1,1
315,1269,783,33.0,0,0,9.5,0,0,0.0,0,0.0,0.0,0.0,1.0,10,1,1
316,904,402,23.0,0,0,7.8958,0,0,0.0,0,0.0,0.0,0.0,1.0,10,1,1
317,632,29,39.0,1,5,31.275,0,0,0.0,0,1.0,0.0,0.0,1.0,11,7,0
318,1096,599,2.0,3,1,21.075,0,0,4.0,0,0.0,0.0,0.0,1.0,6,5,0
319,25,85,25.0,0,0,26.0,0,0,148.0,0,0.0,1.0,0.0,0.0,10,1,1
320,77,173,37.0,1,1,83.1583,121,0,0.0,0,0.0,1.0,0.0,0.0,10,3,0
321,1303,836,29.461300741839764,0,0,14.4583,0,0,0.0,0,0.0,0.0,0.0,1.0,10,1,1
322,799,255,18.0,0,0,7.7958,0,0,0.0,0,0.0,0.0,0.0,1.0,10,1,1
323,334,60,28.0,0,0,10.5,0,0,0.0,0,0.0,0.0,1.0,0.0,10,1,1
324,787,241,16.0,0,0,7.775,0,0,0.0,0,0.0,0.0,0.0,1.0,10,1,1
325,392,845,24.0,1,0,27.7208,0,4,0.0,1,1.0,0.0,1.0,0.0,11,2,0
326,1270,784,28.0,0,0,9.5,0,0,0.0,0,0.0,0.0,0.0,1.0,10,1,1
327,169,380,50.0,0,0,28.7125,63,0,0.0,0,1.0,1.0,0.0,0.0,7,1,1
328,1175,693,29.461300741839764,8,2,69.55,0,0,0.0,0,1.0,0.0,0.0,1.0,7,11,0
329,700,126,17.0,0,0,8.6625,0,0,0.0,0,0.0,0.0,0.0,1.0,10,1,1
330,822,297,41.0,0,0,7.85,0,0,0.0,0,0.0,0.0,0.0,1.0,10,1,1
331,1060,570,18.0,0,0,7.775,0,26,0.0,1,1.0,0.0,0.0,1.0,7,1,1
332,969,472,30.0,1,0,15.55,0,22,0.0,0,1.0,0.0,0.0,1.0,11,2,0
333,231,630,52.0,0,0,30.5,44,18,0.0,1,0.0,1.0,0.0,0.0,5,1,1
334,971,475,29.461300741839764,0,0,7.8792,0,0,0.0,0,0.0,0.0,0.0,1.0,10,1,1
335,846,319,20.0,0,0,9.5,0,0,0.0,0,0.0,0.0,0.0,1.0,10,1,1
336,805,260,29.461300741839764,0,0,56.4958,0,5,0.0,1,0.0,0.0,0.0,1.0,10,1,1
337,460,383,24.0,2,1,27.0,0,4,0.0,1,1.0,0.0,1.0,0.0,11,4,0
338,66,151,36.0,0,0,262.375,33,14,0.0,1,1.0,1.0,0.0,0.0,7,1,1
339,223,606,29.461300741839764,0,0,0.0,0,0,0.0,0,0.0,1.0,0.0,0.0,10,1,1
340,631,28,26.0,0,0,7.775,0,0,0.0,0,0.0,0.0,0.0,1.0,10,1,1
341,609,9,26.0,0,0,8.05,0,0,103.0,0,0.0,0.0,0.0,1.0,10,1,1
342,1135,640,29.461300741839764,0,0,7.8958,0,0,0.0,0,0.0,0.0,0.0,1.0,10,1,1
343,845,316,24.0,1,0,15.85,0,9,0.0,1,1.0,0.0,0.0,1.0,11,2,0
344,222,597,28.5,0,0,27.7208,101,0,189.0,0,0.0,1.0,0.0,0.0,10,1,1
345,234,646,38.0,0,0,0.0,0,0,0.0,0,0.0,1.0,0.0,0.0,4,1,1
346,1202,720,29.461300741839764,0,0,8.05,0,0,0.0,0,0.0,0.0,0.0,1.0,10,1,1
347,511,551,62.0,0,0,9.6875,0,0,0.0,0,0.0,0.0,1.0,0.0,10,1,1
348,215,565,58.0,0,2,113.275,103,0,122.0,0,0.0,1.0,0.0,0.0,10,3,0
349,925,422,44.0,0,0,8.05,0,0,0.0,0,0.0,0.0,0.0,1.0,10,1,1
350,32,91,30.0,0,0,164.8667,73,20,0.0,1,1.0,1.0,0.0,0.0,7,1,1
351,701,127,17.0,0,0,8.6625,0,0,0.0,0,0.0,0.0,0.0,1.0,10,1,1
352,332,57,23.0,0,0,10.5,0,0,0.0,0,0.0,0.0,1.0,0.0,10,1,1
353,127,277,35.0,1,0,53.1,48,26,0.0,1,1.0,1.0,0.0,0.0,11,2,0
354,979,484,51.0,0,0,7.0542,0,0,0.0,0,0.0,0.0,0.0,1.0,10,1,1
355,539,637,27.0,0,0,15.0333,0,0,0.0,0,0.0,0.0,1.0,0.0,10,1,1
356,1072,579,29.461300741839764,0,0,7.7333,0,0,0.0,0,0.0,0.0,0.0,1.0,10,1,1
357,267,732,56.0,0,0,30.6958,9,0,0.0,0,0.0,1.0,0.0,0.0,10,1,1
358,501,520,13.0,0,1,19.5,0,8,0.0,1,1.0,0.0,1.0,0.0,7,2,0
359,1262,846,29.461300741839764,1,1,14.5,0,0,0.0,0,0.0,0.0,0.0,1.0,6,3,0
360,606,7,20.0,0,0,7.925,0,9,0.0,1,0.0,0.0,0.0,1.0,10,1,1
361,886,389,29.461300741839764,0,0,7.75,0,26,0.0,1,1.0,0.0,0.0,1.0,7,1,1
362,585,803,27.0,1,0,26.0,0,0,293.0,0,0.0,0.0,1.0,0.0,10,2,0
363,588,806,4.0,1,1,23.0,0,8,0.0,1,1.0,0.0,1.0,0.0,7,3,0
364,1157,669,18.0,1,1,20.2125,0,0,0.0,0,0.0,0.0,0.0,1.0,10,3,0
365,599,837,24.0,0,0,13.0,0,0,0.0,0,1.0,0.0,1.0,0.0,7,1,1
366,990,494,29.0,0,0,7.925,0,0,0.0,0,0.0,0.0,0.0,1.0,10,1,1
367,80,187,29.461300741839764,0,0,26.55,0,0,0.0,0,0.0,1.0,0.0,0.0,10,1,1
368,251,681,21.0,2,2,262.375,31,14,0.0,1,1.0,1.0,0.0,0.0,7,5,0
369,1109,609,29.461300741839764,0,0,8.7125,0,0,0.0,0,0.0,0.0,0.0,1.0,10,1,1
370,823,298,31.0,1,1,20.525,0,25,0.0,1,1.0,0.0,0.0,1.0,11,3,0
371,1051,555,33.0,0,0,8.05,0,0,0.0,0,0.0,0.0,0.0,1.0,10,1,1
372,919,415,18.5,0,0,7.2292,0,0,58.0,0,0.0,0.0,0.0,1.0,10,1,1
373,23,81,42.0,0,0,227.525,0,14,0.0,1,1.0,1.0,0.0,0.0,7,1,1
374,54,140,11.0,1,2,120.0,42,14,0.0,1,0.0,1.0,0.0,0.0,6,4,0
375,1151,660,29.461300741839764,0,0,14.5,0,0,0.0,0,1.0,0.0,0.0,1.0,11,1,1
376,216,566,19.0,0,2,26.2833,102,15,0.0,1,1.0,1.0,0.0,0.0,7,3,0
377,1046,552,22.0,0,0,7.8958,0,0,0.0,0,0.0,0.0,0.0,1.0,10,1,1
378,151,333,27.0,0,0,76.7292,104,13,0.0,1,0.0,1.0,0.0,0.0,10,1,1
379,923,421,29.461300741839764,0,0,7.75,0,26,0.0,1,1.0,0.0,0.0,1.0,7,1,1
380,46,124,29.461300741839764,0,0,31.0,0,0,0.0,0,0.0,1.0,0.0,0.0,10,1,1
381,852,325,29.461300741839764,0,0,7.55,0,0,0.0,0,1.0,0.0,0.0,1.0,7,1,1
382,192,486,58.0,0,0,146.5208,38,0,0.0,1,1.0,1.0,0.0,0.0,7,1,1
383,779,234,24.0,0,0,7.75,0,0,0.0,0,1.0,0.0,0.0,1.0,7,1,1
384,1042,547,29.461300741839764,1,0,15.5,0,11,0.0,1,1.0,0.0,0.0,1.0,7,2,0
385,694,114,19.0,0,0,6.75,0,0,0.0,0,0.0,0.0,0.0,1.0,10,1,1
386,105,249,36.0,0,0,31.6792,5,0,0.0,0,1.0,1.0,0.0,0.0,7,1,1
387,1073,580,29.461300741839764,0,0,7.75,0,0,0.0,0,0.0,0.0,0.0,1.0,10,1,1
388,1031,539,34.0,0,0,8.05,0,0,0.0,0,0.0,0.0,0.0,1.0,10,1,1
389,513,557,14.0,1,0,30.0708,0,0,0.0,1,1.0,0.0,1.0,0.0,11,2,0
390,1249,771,29.461300741839764,0,0,7.75,131,0,0.0,0,0.0,0.0,0.0,1.0,10,1,1
391,957,458,29.461300741839764,3,1,25.4667,0,0,0.0,0,1.0,0.0,0.0,1.0,7,5,0
392,811,262,48.0,1,3,34.375,0,0,0.0,0,1.0,0.0,0.0,1.0,11,5,0
393,536,632,32.0,0,0,13.0,0,21,0.0,1,1.0,0.0,1.0,0.0,11,1,1
394,416,281,16.0,0,0,26.0,0,0,0.0,0,0.0,0.0,1.0,0.0,10,1,1
395,1243,767,29.461300741839764,0,0,7.225,0,0,0.0,0,0.0,0.0,0.0,1.0,10,1,1
396,247,674,54.0,1,0,59.4,0,18,0.0,1,1.0,1.0,0.0,0.0,11,2,0
397,920,417,29.461300741839764,0,0,7.75,0,0,0.0,0,0.0,0.0,0.0,1.0,10,1,1
398,427,318,1.0,1,1,14.5,0,14,0.0,1,0.0,0.0,1.0,0.0,6,3,0
399,695,115,18.0,0,0,7.8792,0,0,0.0,0,1.0,0.0,0.0,1.0,7,1,1
400,756,210,29.461300741839764,1,0,16.1,0,0,0.0,0,0.0,0.0,0.0,1.0,10,2,0
401,1087,590,28.0,0,0,7.8542,0,0,0.0,0,0.0,0.0,0.0,1.0,10,1,1
402,17,67,50.0,0,1,247.5208,32,18,0.0,1,1.0,1.0,0.0,0.0,11,2,0
403,93,223,53.0,1,1,81.8583,7,5,0.0,1,0.0,1.0,0.0,0.0,3,3,0
404,406,252,40.0,1,0,26.0,0,0,286.0,0,0.0,0.0,1.0,0.0,10,2,0
405,578,796,30.0,1,0,21.0,0,0,0.0,0,0.0,0.0,1.0,0.0,10,2,0
406,1293,825,29.461300741839764,0,0,8.05,0,0,0.0,0,0.0,0.0,0.0,1.0,10,1,1
407,633,30,20.0,0,0,7.8542,0,0,0.0,0,0.0,0.0,0.0,1.0,10,1,1
408,839,313,19.0,0,0,7.775,0,0,0.0,0,0.0,0.0,0.0,1.0,10,1,1
409,755,208,17.0,2,0,8.05,0,0,0.0,0,0.0,0.0,0.0,1.0,10,3,0
410,649,44,23.0,0,0,7.05,0,0,0.0,0,0.0,0.0,0.0,1.0,10,1,1
411,1166,685,29.461300741839764,0,0,7.225,0,0,0.0,0,0.0,0.0,0.0,1.0,10,1,1
412,769,218,22.0,0,0,7.25,0,0,0.0,0,0.0,0.0,0.0,1.0,10,1,1
413,1075,584,23.0,0,0,9.225,0,0,0.0,0,0.0,0.0,0.0,1.0,10,1,1
414,166,375,29.461300741839764,0,0,30.6958,0,8,0.0,0,0.0,1.0,0.0,0.0,10,1,1
415,894,395,4.0,1,1,11.1333,0,9,0.0,1,0.0,0.0,0.0,1.0,6,3,0
416,146,326,49.0,1,0,76.7292,94,13,0.0,1,1.0,1.0,0.0,0.0,11,2,0
417,785,239,22.0,1,0,13.9,0,11,0.0,1,1.0,0.0,0.0,1.0,11,2,0
418,733,185,9.0,1,1,15.9,0,12,0.0,1,0.0,0.0,0.0,1.0,6,3,0
419,819,294,29.461300741839764,0,0,7.75,0,5,0.0,1,1.0,0.0,0.0,1.0,7,1,1
420,441,349,55.0,0,0,16.0,0,5,0.0,1,1.0,0.0,1.0,0.0,11,1,1
421,664,61,20.0,0,0,7.2292,0,9,0.0,1,0.0,0.0,0.0,1.0,10,1,1
422,838,312,28.0,2,0,7.925,0,0,0.0,0,0.0,0.0,0.0,1.0,10,3,0
423,628,25,11.0,4,2,31.275,0,0,0.0,0,1.0,0.0,0.0,1.0,7,7,0
424,1039,545,29.461300741839764,0,0,7.7333,0,11,0.0,1,1.0,0.0,0.0,1.0,7,1,1
425,651,48,30.0,0,0,7.225,0,0,0.0,0,0.0,0.0,0.0,1.0,10,1,1
426,696,120,21.0,0,0,8.6625,0,0,0.0,0,1.0,0.0,0.0,1.0,7,1,1
427,740,193,17.0,0,0,8.6625,0,0,0.0,0,0.0,0.0,0.0,1.0,10,1,1
428,1171,689,14.5,8,2,69.55,0,0,67.0,0,0.0,0.0,0.0,1.0,6,11,0
429,390,212,17.0,0,0,73.5,0,0,0.0,0,0.0,0.0,1.0,0.0,10,1,1
430,1009,516,29.461300741839764,0,0,7.75,0,0,0.0,0,0.0,0.0,0.0,1.0,10,1,1
431,1033,541,29.461300741839764,0,0,7.775,0,23,0.0,1,0.0,0.0,0.0,1.0,10,1,1
432,815,279,29.461300741839764,0,0,14.5,0,0,0.0,0,0.0,0.0,0.0,1.0,10,1,1
433,972,477,28.0,0,0,56.4958,0,0,0.0,0,0.0,0.0,0.0,1.0,10,1,1
434,35,98,45.0,0,0,262.375,0,14,0.0,1,1.0,1.0,0.0,0.0,7,1,1
435,282,745,52.0,1,0,78.2667,88,14,0.0,1,1.0,1.0,0.0,0.0,11,2,0
436,440,348,48.0,1,2,65.0,0,21,0.0,1,1.0,0.0,1.0,0.0,11,4,0
437,439,347,49.0,1,2,65.0,0,0,0.0,0,0.0,0.0,1.0,0.0,10,4,0
438,554,709,26.0,0,0,13.0,0,0,0.0,0,0.0,0.0,1.0,0.0,10,1,1
439,934,431,4.0,0,2,22.025,0,12,0.0,1,1.0,0.0,0.0,1.0,7,3,0
440,932,430,22.0,2,0,8.6625,0,0,0.0,0,1.0,0.0,0.0,1.0,7,3,0
441,544,645,34.0,1,0,21.0,0,4,0.0,0,0.0,0.0,1.0,0.0,10,2,0
442,95,225,54.0,1,1,81.8583,7,15,0.0,1,1.0,1.0,0.0,0.0,11,3,0
443,1015,522,55.5,0,0,8.05,0,0,201.0,0,0.0,0.0,0.0,1.0,10,1,1
444,354,111,25.0,1,0,26.0,0,0,0.0,0,0.0,0.0,1.0,0.0,10,2,0
445,305,802,60.0,0,0,26.55,0,0,0.0,0,0.0,1.0,0.0,0.0,1,1,1
446,723,174,31.0,0,0,7.7333,0,0,0.0,0,0.0,0.0,0.0,1.0,10,1,1
447,37,101,29.461300741839764,0,0,26.55,0,21,0.0,1,0.0,1.0,0.0,0.0,10,1,1
448,488,482,50.0,1,0,26.0,0,0,121.0,0,0.0,0.0,1.0,0.0,10,2,0
449,984,489,29.461300741839764,0,0,7.75,0,9,0.0,1,1.0,0.0,0.0,1.0,7,1,1
450,611,11,1.0,0,1,9.35,0,3,0.0,1,0.0,0.0,0.0,1.0,6,2,0
451,219,593,29.461300741839764,0,0,25.7417,0,19,0.0,1,0.0,1.0,0.0,0.0,10,1,1
452,605,5,25.0,0,0,7.65,127,22,0.0,1,0.0,0.0,0.0,1.0,10,1,1
453,865,345,29.461300741839764,0,0,7.75,0,0,0.0,0,1.0,0.0,0.0,1.0,7,1,1
454,30,90,45.0,0,0,35.5,134,0,0.0,0,0.0,1.0,0.0,0.0,10,1,1
455,636,37,18.0,1,0,17.8,0,0,0.0,0,1.0,0.0,0.0,1.0,11,2,0
456,1286,810,38.0,0,0,7.2292,0,24,0.0,1,1.0,0.0,0.0,1.0,11,1,1
457,475,441,26.0,1,1,26.0,0,0,0.0,0,1.0,0.0,1.0,0.0,11,3,0
458,841,314,17.0,0,0,7.7333,0,0,0.0,0,1.0,0.0,0.0,1.0,7,1,1
459,862,342,22.0,0,0,8.9625,0,24,0.0,1,1.0,0.0,0.0,1.0,7,1,1
460,828,302,10.0,5,2,46.9,0,0,0.0,0,1.0,0.0,0.0,1.0,7,8,0
461,265,729,28.0,0,0,35.5,8,19,0.0,1,0.0,1.0,0.0,0.0,10,1,1
462,285,750,64.0,1,0,221.7792,68,0,96.0,0,0.0,1.0,0.0,0.0,10,2,0
463,667,64,27.0,0,0,7.8792,0,0,0.0,0,1.0,0.0,0.0,1.0,7,1,1
464,1238,761,25.0,0,0,7.7958,0,6,0.0,1,0.0,0.0,0.0,1.0,10,1,1
465,1274,788,31.0,3,0,18.0,0,0,0.0,0,0.0,0.0,0.0,1.0,10,4,0
466,45,118,45.0,0,0,26.55,23,0,0.0,0,0.0,1.0,0.0,0.0,5,1,1
467,627,24,9.0,4,2,31.275,0,0,0.0,0,1.0,0.0,0.0,1.0,7,7,0
468,721,165,36.0,0,0,7.4958,0,0,0.0,0,0.0,0.0,0.0,1.0,10,1,1
469,676,88,18.0,0,0,7.75,0,0,0.0,0,0.0,0.0,0.0,1.0,10,1,1
470,434,331,7.0,0,2,26.25,0,8,0.0,1,1.0,0.0,1.0,0.0,7,3,0
471,270,734,18.0,1,0,60.0,59,18,0.0,1,1.0,1.0,0.0,0.0,11,2,0
472,76,172,39.0,1,1,83.1583,119,8,0.0,1,1.0,1.0,0.0,0.0,7,3,0
473,595,811,29.461300741839764,0,0,12.875,0,0,0.0,0,0.0,0.0,1.0,0.0,10,1,1
474,340,73,4.0,2,1,39.0,132,3,0.0,1,1.0,0.0,1.0,0.0,7,4,0
475,593,809,33.0,1,2,27.75,0,2,0.0,1,1.0,0.0,1.0,0.0,11,4,0
476,458,376,17.0,0,0,10.5,0,0,0.0,1,1.0,0.0,1.0,0.0,7,1,1
477,1146,652,39.0,0,5,29.125,0,0,299.7699999999997,0,1.0,0.0,0.0,1.0,11,6,0
478,1023,530,29.461300741839764,0,0,7.8792,0,11,0.0,1,1.0,0.0,0.0,1.0,7,1,1
479,1044,549,29.461300741839764,0,0,15.5,0,11,0.0,1,1.0,0.0,0.0,1.0,7,1,1
480,1164,683,29.461300741839764,0,0,7.2292,0,0,0.0,0,0.0,0.0,0.0,1.0,10,1,1
481,1026,534,27.0,0,1,12.475,109,8,0.0,1,1.0,0.0,0.0,1.0,11,2,0
482,486,467,24.0,0,0,10.5,0,0,108.0,0,0.0,0.0,1.0,0.0,10,1,1
483,502,521,41.0,0,1,19.5,0,8,0.0,1,1.0,0.0,1.0,0.0,11,2,0
484,655,53,32.0,1,0,15.85,0,26,0.0,0,0.0,0.0,0.0,1.0,10,2,0
485,615,13,20.0,0,0,7.925,0,0,0.0,0,0.0,0.0,0.0,1.0,10,1,1
486,85,194,38.0,1,0,71.2833,78,14,0.0,1,1.0,1.0,0.0,0.0,11,2,0
487,164,367,35.0,0,0,26.55,0,9,0.0,1,0.0,1.0,0.0,0.0,10,1,1
488,409,268,36.0,0,0,13.0,0,0,236.0,0,0.0,0.0,1.0,0.0,10,1,1
489,746,198,29.0,0,0,7.75,0,7,0.0,1,0.0,0.0,0.0,1.0,10,1,1
490,851,323,45.0,1,0,14.1083,0,3,0.0,1,1.0,0.0,0.0,1.0,11,2,0
491,1227,748,22.0,0,0,9.8375,0,0,0.0,0,1.0,0.0,0.0,1.0,7,1,1
492,777,230,19.0,0,0,8.05,0,23,0.0,1,0.0,0.0,0.0,1.0,10,1,1
493,610,10,40.0,1,0,9.475,0,0,0.0,0,1.0,0.0,0.0,1.0,11,2,0
494,743,196,22.0,0,0,10.5167,0,0,0.0,0,1.0,0.0,0.0,1.0,7,1,1
495,603,3,35.0,1,1,20.25,0,22,0.0,1,1.0,0.0,0.0,1.0,11,3,0
496,1190,706,25.0,0,0,9.5,0,3,0.0,1,0.0,0.0,0.0,1.0,10,1,1
497,279,744,62.0,0,0,26.55,80,0,0.0,0,0.0,1.0,0.0,0.0,10,1,1
498,728,176,43.0,0,0,8.05,0,0,0.0,0,0.0,0.0,0.0,1.0,10,1,1
499,551,656,50.0,0,0,10.5,0,5,0.0,1,1.0,0.0,1.0,0.0,7,1,1
500,132,286,24.0,0,0,79.2,40,0,0.0,0,0.0,1.0,0.0,0.0,10,1,1
501,453,369,21.0,0,0,73.5,0,0,0.0,0,0.0,0.0,1.0,0.0,10,1,1
502,642,41,13.0,4,2,31.3875,0,0,0.0,0,0.0,0.0,0.0,1.0,6,7,0
503,396,228,34.0,0,1,23.0,0,0,0.0,1,1.0,0.0,1.0,0.0,11,2,0
504,125,276,29.461300741839764,0,0,0.0,13,0,0.0,0,0.0,1.0,0.0,0.0,10,1,1
505,1163,678,29.461300741839764,0,0,24.15,0,0,0.0,0,0.0,0.0,0.0,1.0,10,1,1
506,714,154,32.0,0,0,56.4958,0,24,0.0,1,0.0,0.0,0.0,1.0,10,1,1
507,653,51,13.0,0,0,7.2292,0,24,0.0,1,1.0,0.0,0.0,1.0,7,1,1
508,936,432,26.0,1,1,22.025,0,12,0.0,1,1.0,0.0,0.0,1.0,11,3,0
509,357,119,42.0,0,0,13.0,0,0,0.0,0,0.0,0.0,1.0,0.0,13,1,1
510,791,244,17.0,1,1,7.2292,0,0,0.0,0,0.0,0.0,0.0,1.0,10,3,0
511,1126,625,28.0,0,0,7.8958,0,0,0.0,0,1.0,0.0,0.0,1.0,7,1,1
512,999,508,29.461300741839764,0,0,7.75,0,10,0.0,1,1.0,0.0,0.0,1.0,7,1,1
513,110,263,30.0,0,0,27.75,46,0,0.0,0,0.0,1.0,0.0,0.0,10,1,1
514,1065,572,21.0,0,0,7.8,0,0,0.0,0,0.0,0.0,0.0,1.0,10,1,1
515,426,317,30.0,0,0,13.0,0,0,75.0,0,0.0,0.0,1.0,0.0,10,1,1
516,455,372,63.0,1,0,26.0,0,0,0.0,0,0.0,0.0,1.0,0.0,10,2,0
517,1034,542,29.461300741839764,1,1,15.2458,0,24,0.0,1,0.0,0.0,0.0,1.0,6,3,0
518,34,92,42.0,0,0,26.55,90,0,0.0,0,0.0,1.0,0.0,0.0,10,1,1
519,237,661,29.461300741839764,0,0,227.525,0,0,0.0,0,0.0,1.0,0.0,0.0,10,1,1
520,707,134,28.0,0,0,7.7958,0,0,0.0,0,0.0,0.0,0.0,1.0,10,1,1
521,757,211,29.461300741839764,1,0,16.1,0,11,0.0,1,1.0,0.0,0.0,1.0,11,2,0
522,732,183,30.0,0,0,8.05,0,0,0.0,0,0.0,0.0,0.0,1.0,10,1,1
523,1132,633,29.461300741839764,0,0,7.8958,0,0,0.0,0,0.0,0.0,0.0,1.0,10,1,1
524,463,386,22.0,2,0,31.5,0,0,0.0,0,0.0,0.0,1.0,0.0,10,3,0
525,962,462,29.461300741839764,1,0,15.5,0,0,0.0,0,0.0,0.0,0.0,1.0,10,2,0
526,1220,741,32.0,0,0,8.05,0,0,0.0,0,0.0,0.0,0.0,1.0,10,1,1
527,81,190,64.0,1,1,71.0,17,0,269.0,0,0.0,1.0,0.0,0.0,0,3,0
528,834,310,32.0,0,0,8.3625,0,0,0.0,0,0.0,0.0,0.0,1.0,10,1,1
529,373,160,28.0,1,0,26.0,0,8,0.0,1,1.0,0.0,1.0,0.0,11,2,0
530,677,93,26.0,0,0,7.8958,0,0,0.0,0,0.0,0.0,0.0,1.0,10,1,1
531,671,77,22.0,0,0,9.35,0,0,0.0,0,0.0,0.0,0.0,1.0,10,1,1
532,931,429,29.461300741839764,0,0,7.7375,0,0,0.0,0,0.0,0.0,0.0,1.0,10,1,1
533,4,19,25.0,1,2,151.55,55,0,0.0,0,1.0,1.0,0.0,0.0,11,4,0
534,1231,753,29.0,1,1,10.4625,133,0,0.0,0,1.0,0.0,0.0,1.0,11,3,0
535,1156,668,2.0,1,1,20.2125,0,0,0.0,0,1.0,0.0,0.0,1.0,7,3,0
536,471,423,45.0,0,0,13.5,0,21,0.0,1,1.0,0.0,1.0,0.0,11,1,1
537,635,36,25.0,1,0,17.8,0,0,0.0,0,0.0,0.0,0.0,1.0,10,2,0
538,982,487,29.461300741839764,0,0,7.8958,0,0,0.0,0,0.0,0.0,0.0,1.0,10,1,1
539,1153,663,47.0,1,0,14.5,0,0,7.0,0,1.0,0.0,0.0,1.0,11,2,0
540,749,201,28.0,1,1,14.4,0,0,0.0,0,1.0,0.0,0.0,1.0,11,3,0
541,445,352,18.0,1,1,13.0,0,0,0.0,0,1.0,0.0,1.0,0.0,7,3,0
542,1137,642,29.461300741839764,0,0,7.2292,0,0,0.0,0,0.0,0.0,0.0,1.0,10,1,1
543,587,805,2.0,1,1,23.0,0,8,0.0,1,0.0,0.0,1.0,0.0,6,3,0
544,52,138,28.0,0,0,47.1,0,0,0.0,0,0.0,1.0,0.0,0.0,10,1,1
545,830,304,14.0,5,2,46.9,0,0,0.0,0,0.0,0.0,0.0,1.0,10,8,0
546,1219,738,29.461300741839764,0,0,8.05,0,0,0.0,0,0.0,0.0,0.0,1.0,10,1,1
547,1172,690,29.461300741839764,8,2,69.55,0,0,0.0,0,1.0,0.0,0.0,1.0,7,11,0
548,245,672,33.0,0,0,86.5,36,20,0.0,1,1.0,1.0,0.0,0.0,2,1,1
549,278,742,32.0,0,0,30.5,28,13,0.0,1,0.0,1.0,0.0,0.0,3,1,1
550,616,14,24.0,0,0,7.05,0,0,0.0,0,0.0,0.0,0.0,1.0,10,1,1
551,221,596,64.0,0,1,61.9792,20,0,234.0,0,0.0,1.0,0.0,0.0,10,2,0
552,1278,791,20.0,0,0,7.8542,0,0,0.0,0,0.0,0.0,0.0,1.0,10,1,1
553,876,377,29.461300741839764,0,0,7.8958,0,0,0.0,0,0.0,0.0,0.0,1.0,10,1,1
554,1173,691,29.461300741839764,8,2,69.55,0,0,0.0,0,1.0,0.0,0.0,1.0,7,11,0
555,117,269,30.0,0,0,56.9292,116,1,0.0,1,1.0,1.0,0.0,0.0,7,1,1
556,802,258,29.461300741839764,0,0,6.95,0,0,0.0,0,0.0,0.0,0.0,1.0,10,1,1
557,191,481,30.0,0,0,45.5,0,0,0.0,0,0.0,1.0,0.0,0.0,10,1,1
558,675,84,21.0,0,0,7.775,0,0,0.0,0,0.0,0.0,0.0,1.0,10,1,1
559,1118,617,25.0,0,0,7.925,0,0,0.0,0,0.0,0.0,0.0,1.0,10,1,1
560,1247,770,29.461300741839764,1,0,16.1,0,2,0.0,1,1.0,0.0,0.0,1.0,11,2,0
561,567,746,25.0,0,0,10.5,0,0,81.0,0,0.0,0.0,1.0,0.0,10,1,1
562,790,243,39.0,0,2,7.2292,0,0,0.0,0,0.0,0.0,0.0,1.0,10,3,0
563,711,144,28.0,0,0,7.25,0,0,0.0,0,0.0,0.0,0.0,1.0,10,1,1
564,985,491,24.0,0,0,7.1417,0,5,0.0,1,0.0,0.0,0.0,1.0,10,1,1
565,1174,692,29.461300741839764,8,2,69.55,0,0,0.0,0,1.0,0.0,0.0,1.0,7,11,0
566,623,22,6.0,4,2,31.275,0,0,0.0,0,1.0,0.0,0.0,1.0,7,7,0
567,1246,769,29.461300741839764,1,0,16.1,0,0,0.0,0,0.0,0.0,0.0,1.0,10,2,0
568,380,177,22.0,0,0,10.5,130,8,0.0,1,1.0,0.0,1.0,0.0,11,1,1
569,890,393,22.0,0,0,7.7958,0,0,156.0,0,0.0,0.0,0.0,1.0,10,1,1
570,1165,684,25.0,0,0,7.225,0,0,0.0,0,0.0,0.0,0.0,1.0,10,1,1
571,172,404,50.0,0,0,26.0,122,0,0.0,0,0.0,1.0,0.0,0.0,10,1,1
572,1104,605,16.0,4,1,39.6875,0,0,0.0,0,0.0,0.0,0.0,1.0,10,6,0
573,521,575,29.0,0,0,10.5,130,3,0.0,1,1.0,0.0,1.0,0.0,11,1,1
574,944,443,29.461300741839764,0,0,7.8958,0,0,0.0,0,0.0,0.0,0.0,1.0,10,1,1
575,472,433,57.0,0,0,12.35,0,0,0.0,0,0.0,0.0,1.0,0.0,13,1,1
576,916,413,4.0,0,1,13.4167,0,9,0.0,1,1.0,0.0,0.0,1.0,7,2,0
577,370,157,25.0,1,1,30.0,0,4,0.0,1,1.0,0.0,1.0,0.0,7,3,0
578,207,526,33.0,1,0,90.0,74,8,0.0,1,1.0,1.0,0.0,0.0,7,2,0
579,422,291,24.0,0,0,13.0,0,0,155.0,0,0.0,0.0,1.0,0.0,10,1,1
580,442,350,24.0,2,0,73.5,0,0,0.0,0,0.0,0.0,1.0,0.0,10,3,0
581,122,273,22.0,0,2,49.5,24,15,0.0,1,1.0,1.0,0.0,0.0,7,3,0
582,212,558,37.0,0,1,29.7,47,0,0.0,0,0.0,1.0,0.0,0.0,10,2,0
583,494,496,24.0,1,1,37.0042,0,2,0.0,1,1.0,0.0,1.0,0.0,11,3,0
584,963,463,36.0,0,0,0.0,0,0,0.0,0,0.0,0.0,0.0,1.0,10,1,1
585,389,841,32.0,0,0,13.0,0,0,0.0,0,0.0,0.0,1.0,0.0,10,1,1
586,1043,548,29.461300741839764,1,0,15.5,0,11,0.0,1,1.0,0.0,0.0,1.0,7,2,0
587,1209,725,2.0,3,2,27.9,0,0,0.0,0,1.0,0.0,0.0,1.0,7,6,0
588,1056,568,12.0,1,0,11.2417,0,24,0.0,1,0.0,0.0,0.0,1.0,6,2,0
589,375,168,28.0,0,0,13.0,0,0,0.0,0,0.0,0.0,1.0,0.0,10,1,1
590,956,457,29.461300741839764,3,1,25.4667,0,0,0.0,0,1.0,0.0,0.0,1.0,7,5,0
591,1067,576,22.0,0,0,7.75,0,5,0.0,1,1.0,0.0,0.0,1.0,7,1,1
592,404,247,21.0,0,0,13.0,0,0,0.0,0,0.0,0.0,1.0,0.0,10,1,1
593,739,189,44.0,0,1,16.1,0,0,0.0,0,0.0,0.0,0.0,1.0,10,2,0
594,1257,776,9.0,1,1,15.2458,0,24,0.0,1,1.0,0.0,0.0,1.0,7,3,0
595,650,47,17.0,0,0,14.4583,0,0,0.0,0,1.0,0.0,0.0,1.0,7,1,1
596,930,428,29.461300741839764,1,0,7.75,0,0,0.0,0,0.0,0.0,0.0,1.0,10,2,0
597,1300,832,15.0,1,0,14.4542,0,0,0.0,1,1.0,0.0,0.0,1.0,11,2,0
598,382,182,29.461300741839764,0,0,21.0,0,0,0.0,0,1.0,0.0,1.0,0.0,11,1,1
599,547,653,23.0,0,0,15.0458,0,0,0.0,0,0.0,0.0,1.0,0.0,10,1,1
600,175,426,41.0,1,0,51.8625,89,0,0.0,0,0.0,1.0,0.0,0.0,10,2,0
601,349,108,24.0,0,0,13.0,130,3,0.0,1,1.0,0.0,1.0,0.0,7,1,1
602,376,169,24.0,0,0,10.5,0,21,0.0,1,0.0,0.0,1.0,0.0,10,1,1
603,955,456,29.461300741839764,3,1,25.4667,0,0,0.0,0,1.0,0.0,0.0,1.0,7,5,0
604,1025,533,6.0,0,1,12.475,109,8,0.0,1,0.0,0.0,0.0,1.0,6,2,0
605,378,170,31.0,1,1,26.25,0,0,0.0,0,0.0,0.0,1.0,0.0,10,3,0
606,1198,713,29.461300741839764,0,0,7.7792,0,0,0.0,1,1.0,0.0,0.0,1.0,7,1,1
607,1041,546,29.461300741839764,0,0,8.05,0,0,0.0,0,0.0,0.0,0.0,1.0,10,1,1
608,1037,543,29.461300741839764,0,0,7.2292,0,0,0.0,1,1.0,0.0,0.0,1.0,11,1,1
609,1236,757,14.0,0,0,9.225,0,5,0.0,1,0.0,0.0,0.0,1.0,10,1,1
610,951,453,29.0,0,0,7.775,0,0,0.0,0,0.0,0.0,0.0,1.0,10,1,1
611,394,220,18.0,0,0,73.5,0,0,0.0,0,0.0,0.0,1.0,0.0,10,1,1
612,861,341,23.0,0,0,7.925,0,0,0.0,0,1.0,0.0,0.0,1.0,7,1,1
613,452,364,29.0,1,0,26.0,0,2,0.0,1,1.0,0.0,1.0,0.0,11,2,0
614,988,492,29.461300741839764,0,0,7.75,0,0,0.0,0,0.0,0.0,0.0,1.0,10,1,1
615,1152,662,50.0,1,0,14.5,0,0,119.0,0,0.0,0.0,0.0,1.0,10,2,0
616,792,245,15.0,1,1,7.2292,0,0,0.0,0,0.0,0.0,0.0,1.0,10,3,0
617,515,561,3.0,1,1,26.0,129,26,0.0,1,0.0,0.0,1.0,0.0,6,3,0
618,1029,536,29.461300741839764,1,0,24.15,0,0,0.0,0,0.0,0.0,0.0,1.0,10,2,0
619,1016,523,29.461300741839764,0,0,7.75,0,0,0.0,0,0.0,0.0,0.0,1.0,10,1,1
620,319,828,31.0,0,0,134.5,117,13,0.0,1,1.0,1.0,0.0,0.0,7,1,1
621,286,751,63.0,1,0,221.7792,68,0,0.0,0,1.0,1.0,0.0,0.0,11,2,0
622,1032,540,29.461300741839764,0,0,7.75,0,0,0.0,0,0.0,0.0,0.0,1.0,10,1,1
623,924,422,34.5,0,0,7.8292,0,0,70.0,0,0.0,0.0,0.0,1.0,10,1,1
624,469,416,29.461300741839764,0,0,12.35,107,2,0.0,1,1.0,0.0,1.0,0.0,7,1,1
625,415,280,34.0,0,0,13.0,0,4,0.0,1,1.0,0.0,1.0,0.0,7,1,1
626,1201,719,22.0,0,0,7.2292,0,0,0.0,0,0.0,0.0,0.0,1.0,10,1,1
627,241,667,29.461300741839764,0,0,50.0,6,0,0.0,0,0.0,1.0,0.0,0.0,10,1,1
628,813,270,29.461300741839764,0,0,7.25,0,0,0.0,0,0.0,0.0,0.0,1.0,10,1,1
629,1000,509,29.461300741839764,0,0,7.75,0,0,0.0,1,0.0,0.0,0.0,1.0,10,1,1
630,553,676,21.0,0,0,10.5,0,4,0.0,1,1.0,0.0,1.0,0.0,7,1,1
631,911,408,21.0,0,0,8.4333,0,0,0.0,0,0.0,0.0,0.0,1.0,10,1,1
632,878,379,25.0,1,0,7.925,0,0,0.0,0,1.0,0.0,0.0,1.0,7,2,0
633,483,460,29.461300741839764,0,0,33.0,0,3,0.0,1,1.0,0.0,1.0,0.0,7,1,1
634,336,69,32.0,1,0,26.0,0,5,0.0,1,0.0,0.0,1.0,0.0,10,2,0
635,641,40,3.0,4,2,31.3875,0,9,0.0,1,0.0,0.0,0.0,1.0,6,7,0
636,887,391,29.461300741839764,0,0,8.1125,0,5,0.0,1,0.0,0.0,0.0,1.0,10,1,1
637,520,573,20.0,0,0,13.8625,99,19,0.0,1,0.0,0.0,1.0,0.0,10,1,1
638,79,184,55.0,2,0,25.7,43,12,0.0,1,1.0,1.0,0.0,0.0,11,3,0
639,1014,519,29.461300741839764,0,0,8.05,0,0,0.0,0,1.0,0.0,0.0,1.0,11,1,1
640,153,335,24.0,0,0,83.1583,67,19,0.0,1,1.0,1.0,0.0,0.0,7,1,1
641,1266,780,36.0,1,1,24.15,0,0,0.0,0,0.0,0.0,0.0,1.0,10,3,0
642,921,418,29.461300741839764,0,0,7.25,0,22,0.0,0,0.0,0.0,0.0,1.0,10,1,1
643,975,480,26.0,1,0,16.1,0,0,0.0,0,1.0,0.0,0.0,1.0,11,2,0
644,73,161,22.0,0,0,151.55,0,3,0.0,1,1.0,1.0,0.0,0.0,7,1,1
645,514,560,2.0,1,1,26.0,129,26,0.0,1,0.0,0.0,1.0,0.0,6,3,0
646,863,343,28.0,0,0,7.8958,0,0,299.7699999999997,0,0.0,0.0,0.0,1.0,10,1,1
647,11,46,18.0,1,0,227.525,70,14,0.0,1,1.0,1.0,0.0,0.0,11,2,0
648,583,799,40.0,0,0,15.75,0,21,0.0,1,1.0,0.0,1.0,0.0,11,1,1
649,630,27,27.0,0,0,7.7958,0,22,0.0,1,0.0,0.0,0.0,1.0,10,1,1
650,995,500,35.0,0,0,7.8958,0,0,0.0,0,0.0,0.0,0.0,1.0,10,1,1
651,1271,785,28.0,0,0,9.5,0,0,0.0,0,0.0,0.0,0.0,1.0,10,1,1
652,326,31,18.0,0,0,11.5,0,0,0.0,0,0.0,0.0,1.0,0.0,10,1,1
653,96,231,50.0,1,0,106.425,79,0,62.0,0,0.0,1.0,0.0,0.0,10,2,0
654,1234,755,25.0,0,0,7.05,0,0,0.0,0,0.0,0.0,0.0,1.0,10,1,1
655,480,450,25.0,1,2,41.5792,0,0,0.0,0,0.0,0.0,1.0,0.0,10,4,0
656,254,686,29.461300741839764,0,0,30.5,45,13,0.0,1,0.0,1.0,0.0,0.0,10,1,1
657,1089,592,20.0,0,0,9.225,0,0,89.0,0,0.0,0.0,0.0,1.0,10,1,1
658,638,39,35.0,0,0,7.05,0,0,0.0,0,0.0,0.0,0.0,1.0,10,1,1
659,160,355,44.0,0,1,57.9792,14,14,0.0,1,1.0,1.0,0.0,0.0,11,2,0
660,184,466,29.461300741839764,0,0,27.7208,0,0,0.0,0,0.0,1.0,0.0,0.0,10,1,1
661,1114,613,29.461300741839764,0,0,7.0,0,0,0.0,0,0.0,0.0,0.0,1.0,10,1,1
662,688,104,29.0,1,0,7.0458,0,0,0.0,0,0.0,0.0,0.0,1.0,10,2,0
663,322,833,36.0,0,0,135.6333,60,20,0.0,1,1.0,1.0,0.0,0.0,7,1,1
664,812,267,29.461300741839764,0,0,7.75,0,0,0.0,0,0.0,0.0,0.0,1.0,10,1,1
665,398,235,8.0,0,2,32.5,0,2,0.0,1,0.0,0.0,1.0,0.0,6,3,0
666,1058,569,29.0,0,0,7.925,0,0,0.0,0,1.0,0.0,0.0,1.0,7,1,1
667,1082,586,9.0,0,1,3.1708,0,5,0.0,1,0.0,0.0,0.0,1.0,6,2,0
668,965,468,24.0,0,0,9.5,0,0,0.0,0,0.0,0.0,0.0,1.0,10,1,1
669,591,807,5.0,1,2,27.75,0,2,0.0,1,1.0,0.0,1.0,0.0,7,4,0
670,905,403,32.0,0,0,7.8542,0,9,0.0,1,0.0,0.0,0.0,1.0,10,1,1
671,359,125,1.0,0,2,29.0,0,5,0.0,1,0.0,0.0,1.0,0.0,6,3,0
672,1259,777,36.0,0,0,7.8958,0,0,0.0,0,0.0,0.0,0.0,1.0,10,1,1
673,214,564,23.0,1,0,113.275,97,18,0.0,1,1.0,1.0,0.0,0.0,7,2,0
674,881,385,21.0,0,0,7.7958,0,22,0.0,1,0.0,0.0,0.0,1.0,10,1,1
675,679,94,9.0,1,1,15.2458,0,0,0.0,0,1.0,0.0,0.0,1.0,7,3,0
676,849,321,26.0,1,0,7.8542,0,0,0.0,0,0.0,0.0,0.0,1.0,10,2,0
677,629,26,39.0,1,5,31.275,0,0,0.0,0,0.0,0.0,0.0,1.0,10,7,0
678,1078,582,29.461300741839764,0,0,7.8792,0,0,0.0,1,1.0,0.0,0.0,1.0,7,1,1
679,691,107,35.0,0,0,8.05,0,0,0.0,0,0.0,0.0,0.0,1.0,10,1,1
680,388,209,28.0,0,0,13.0,0,5,0.0,1,1.0,0.0,1.0,0.0,7,1,1
681,143,324,25.0,1,0,55.4417,120,15,0.0,1,0.0,1.0,0.0,0.0,10,2,0
682,374,167,29.0,0,0,10.5,0,0,0.0,0,0.0,0.0,1.0,0.0,10,1,1
683,120,272,43.0,1,0,27.7208,100,15,0.0,1,0.0,1.0,0.0,0.0,10,2,0
684,1185,703,29.461300741839764,2,0,21.6792,0,0,0.0,0,0.0,0.0,0.0,1.0,10,3,0
685,1010,517,24.0,1,0,16.1,0,0,0.0,0,0.0,0.0,0.0,1.0,10,2,0
686,945,444,29.461300741839764,0,0,56.4958,0,24,0.0,1,0.0,0.0,0.0,1.0,10,1,1
687,770,219,36.0,0,0,7.25,0,0,0.0,0,0.0,0.0,0.0,1.0,10,1,1
688,858,339,29.461300741839764,0,0,56.4958,0,24,0.0,1,0.0,0.0,0.0,1.0,10,1,1
689,859,340,18.0,0,0,6.75,0,0,0.0,0,1.0,0.0,0.0,1.0,7,1,1
690,880,384,29.0,0,0,7.8958,0,9,0.0,1,0.0,0.0,0.0,1.0,10,1,1
691,310,816,57.0,1,1,164.8667,0,0,0.0,0,0.0,1.0,0.0,0.0,10,3,0
692,683,97,40.0,1,1,15.5,0,0,0.0,0,0.0,0.0,0.0,1.0,10,3,0
693,730,179,27.0,0,0,7.8958,0,0,0.0,0,0.0,0.0,0.0,1.0,10,1,1
694,981,485,32.0,0,0,7.5792,0,9,0.0,1,0.0,0.0,0.0,1.0,10,1,1
695,996,501,33.0,0,0,7.8958,0,0,0.0,0,0.0,0.0,0.0,1.0,10,1,1
696,450,361,50.0,0,0,13.0,0,0,149.0,0,0.0,0.0,1.0,0.0,10,1,1
697,1084,588,42.0,0,1,8.4042,0,0,0.0,0,0.0,0.0,0.0,1.0,10,2,0
698,210,532,55.0,0,0,30.5,58,0,0.0,0,0.0,1.0,0.0,0.0,10,1,1
699,864,344,28.0,0,0,7.775,0,0,0.0,0,1.0,0.0,0.0,1.0,7,1,1
700,203,525,28.0,1,0,82.1708,0,0,0.0,0,0.0,1.0,0.0,0.0,10,2,0
701,410,275,29.461300741839764,0,0,0.0,0,0,0.0,0,0.0,0.0,1.0,0.0,10,1,1
702,759,842,36.0,1,0,17.4,0,5,0.0,1,1.0,0.0,0.0,1.0,11,2,0
703,29,89,28.0,0,0,26.55,66,26,0.0,1,0.0,1.0,0.0,0.0,10,1,1
704,901,400,29.461300741839764,1,2,23.45,0,0,0.0,0,1.0,0.0,0.0,1.0,7,4,0
705,213,563,31.0,1,0,113.275,97,18,0.0,1,1.0,1.0,0.0,0.0,7,2,0
706,674,82,32.0,0,0,56.4958,0,24,0.0,1,0.0,0.0,0.0,1.0,10,1,1
707,697,121,30.0,0,0,8.6625,0,0,0.0,0,1.0,0.0,0.0,1.0,7,1,1
708,129,283,35.0,0,0,211.5,52,14,0.0,1,1.0,1.0,0.0,0.0,7,1,1
709,353,110,20.0,1,0,26.0,0,4,0.0,1,1.0,0.0,1.0,0.0,7,2,0
710,1086,589,31.0,0,0,7.8542,0,0,0.0,0,1.0,0.0,0.0,1.0,7,1,1
711,586,804,29.0,1,0,26.0,0,2,0.0,1,1.0,0.0,1.0,0.0,11,2,0
712,116,266,60.0,1,4,262.375,56,2,0.0,1,1.0,1.0,0.0,0.0,11,6,0
713,867,356,22.0,1,1,12.2875,0,9,0.0,1,1.0,0.0,0.0,1.0,11,3,0
714,348,100,27.0,0,0,13.0,0,0,0.0,0,0.0,0.0,1.0,0.0,10,1,1
715,997,503,29.461300741839764,0,0,7.225,0,24,0.0,1,1.0,0.0,0.0,1.0,11,1,1
716,1205,721,18.0,0,0,7.4958,0,11,0.0,1,1.0,0.0,0.0,1.0,7,1,1
717,314,820,50.0,1,1,211.5,75,14,0.0,1,1.0,1.0,0.0,0.0,11,3,0
718,1176,694,29.461300741839764,8,2,69.55,0,0,0.0,0,0.0,0.0,0.0,1.0,10,11,0
719,1155,666,29.461300741839764,0,0,7.775,0,0,0.0,0,0.0,0.0,0.0,1.0,10,1,1
720,607,8,18.0,0,0,7.2292,0,24,0.0,1,1.0,0.0,0.0,1.0,11,1,1
721,715,156,29.0,0,0,8.05,0,0,0.0,0,0.0,0.0,0.0,1.0,10,1,1
722,1217,736,19.0,0,0,7.65,128,0,0.0,0,0.0,0.0,0.0,1.0,10,1,1
723,1182,701,21.0,0,0,7.65,0,24,0.0,1,1.0,0.0,0.0,1.0,7,1,1
724,1233,754,44.0,0,0,7.925,0,9,0.0,1,0.0,0.0,0.0,1.0,10,1,1
725,481,451,22.0,1,2,41.5792,0,8,0.0,1,1.0,0.0,1.0,0.0,11,4,0
726,889,392,26.0,0,0,7.775,0,9,0.0,1,0.0,0.0,0.0,1.0,10,1,1
727,1131,631,32.0,0,0,8.05,106,21,0.0,1,0.0,0.0,0.0,1.0,10,1,1
728,1253,774,29.461300741839764,0,0,7.2292,0,0,0.0,0,0.0,0.0,0.0,1.0,10,1,1
729,39,103,48.0,0,0,50.4958,11,0,208.0,0,0.0,1.0,0.0,0.0,10,1,1
730,225,610,23.0,0,0,93.5,18,0,0.0,0,0.0,1.0,0.0,0.0,10,1,1
731,1235,756,64.0,0,0,7.775,0,0,0.0,0,0.0,0.0,0.0,1.0,10,1,1
732,922,420,29.461300741839764,0,0,7.75,0,11,0.0,1,1.0,0.0,0.0,1.0,7,1,1
733,1062,571,21.0,0,0,7.8542,0,0,0.0,0,0.0,0.0,0.0,1.0,10,1,1
734,1038,544,29.461300741839764,0,0,8.05,0,0,0.0,0,0.0,0.0,0.0,1.0,10,1,1
735,1284,801,29.461300741839764,0,0,8.05,0,0,0.0,0,0.0,0.0,0.0,1.0,10,1,1
736,1024,531,25.0,0,0,7.65,128,0,299.7699999999997,0,0.0,0.0,0.0,1.0,10,1,1
737,669,72,19.0,0,0,8.05,0,0,0.0,0,0.0,0.0,0.0,1.0,10,1,1
738,226,614,29.0,1,0,66.6,54,0,0.0,0,0.0,1.0,0.0,0.0,10,2,0
739,1242,766,29.461300741839764,0,0,6.4375,0,0,0.0,0,0.0,0.0,0.0,1.0,10,1,1
740,681,95,29.461300741839764,0,2,15.2458,0,0,0.0,0,1.0,0.0,0.0,1.0,11,3,0
741,584,800,32.5,0,0,13.0,107,4,0.0,1,1.0,0.0,1.0,0.0,7,1,1
742,1302,835,29.461300741839764,0,0,7.225,0,0,0.0,0,0.0,0.0,0.0,1.0,10,1,1
743,59,145,29.461300741839764,0,0,27.7208,0,15,0.0,1,1.0,1.0,0.0,0.0,11,1,1
744,188,476,51.0,0,1,39.4,92,21,0.0,1,1.0,1.0,0.0,0.0,11,2,0
745,263,717,39.0,1,0,55.9,118,3,0.0,1,1.0,1.0,0.0,0.0,11,2,0
746,473,437,29.461300741839764,0,0,0.0,0,0,0.0,0,0.0,0.0,1.0,0.0,10,1,1
747,372,159,29.0,1,0,26.0,0,0,0.0,0,0.0,0.0,1.0,0.0,10,2,0
748,776,229,32.0,0,0,7.75,0,0,0.0,0,0.0,0.0,0.0,1.0,10,1,1
749,18,68,32.0,0,0,76.2917,86,20,0.0,1,1.0,1.0,0.0,0.0,7,1,1
750,198,502,18.0,1,0,53.1,93,2,0.0,1,1.0,1.0,0.0,0.0,11,2,0
751,26,86,25.0,1,0,91.0792,26,19,0.0,1,0.0,1.0,0.0,0.0,10,2,0
752,262,716,50.0,1,0,55.9,118,0,0.0,0,0.0,1.0,0.0,0.0,10,2,0
753,729,178,35.0,0,0,7.8958,0,0,0.0,0,0.0,0.0,0.0,1.0,10,1,1
754,42,109,59.0,2,0,51.4792,43,26,0.0,1,1.0,1.0,0.0,0.0,11,3,0
755,1143,649,7.0,4,1,29.125,0,0,0.0,0,0.0,0.0,0.0,1.0,6,6,0
756,91,221,31.0,1,0,57.0,16,13,0.0,1,0.0,1.0,0.0,0.0,10,2,0
757,1,16,1.0,1,2,151.55,55,3,0.0,1,0.0,1.0,0.0,0.0,6,4,0
758,809,261,18.0,2,2,34.375,0,0,0.0,0,0.0,0.0,0.0,1.0,10,5,0
759,726,175,30.0,0,0,7.6292,0,0,0.0,0,1.0,0.0,0.0,1.0,7,1,1
760,257,708,35.0,1,0,57.75,57,3,0.0,1,1.0,1.0,0.0,0.0,11,2,0
761,816,284,29.461300741839764,0,0,7.8958,0,0,0.0,0,0.0,0.0,0.0,1.0,10,1,1
762,561,722,59.0,0,0,13.5,0,0,0.0,0,0.0,0.0,1.0,0.0,10,1,1
763,731,180,19.0,0,0,7.8958,0,0,0.0,0,0.0,0.0,0.0,1.0,10,1,1
764,24,83,29.0,0,0,221.7792,83,20,0.0,1,1.0,1.0,0.0,0.0,7,1,1
765,1050,554,19.0,1,1,15.7417,0,24,0.0,1,1.0,0.0,0.0,1.0,11,3,0
766,648,43,21.0,0,0,7.225,0,0,0.0,0,0.0,0.0,0.0,1.0,10,1,1
767,1298,829,36.0,0,0,9.5,0,0,0.0,0,0.0,0.0,0.0,1.0,10,1,1
768,13,62,26.0,0,0,78.85,0,18,0.0,1,1.0,1.0,0.0,0.0,7,1,1
769,562,727,30.0,0,0,12.35,0,5,0.0,1,1.0,0.0,1.0,0.0,7,1,1
770,64,149,27.0,1,0,53.1,124,15,0.0,1,0.0,1.0,0.0,0.0,10,2,0
771,1133,634,17.0,0,0,8.6625,0,0,0.0,0,0.0,0.0,0.0,1.0,10,1,1
772,1160,675,50.0,0,0,8.05,0,0,0.0,0,0.0,0.0,0.0,1.0,10,1,1
773,82,191,36.0,0,2,71.0,17,19,0.0,1,1.0,1.0,0.0,0.0,7,3,0
774,912,411,30.0,0,0,7.8958,0,0,0.0,0,0.0,0.0,0.0,1.0,10,1,1
775,161,362,51.0,1,0,77.9583,85,2,0.0,1,1.0,1.0,0.0,0.0,11,2,0
776,176,427,29.461300741839764,1,0,51.8625,89,20,0.0,1,1.0,1.0,0.0,0.0,11,2,0
777,308,814,55.0,0,0,135.6333,60,20,0.0,1,1.0,1.0,0.0,0.0,11,1,1
778,1291,823,29.461300741839764,0,0,8.7125,0,0,0.0,0,0.0,0.0,0.0,1.0,10,1,1
779,582,798,12.0,0,0,15.75,0,21,0.0,1,1.0,0.0,1.0,0.0,7,1,1
780,154,336,55.0,1,1,93.5,34,0,299.7699999999997,0,0.0,1.0,0.0,0.0,10,3,0
781,1011,518,19.0,1,0,16.1,0,0,53.0,0,1.0,0.0,0.0,1.0,11,2,0
782,246,673,55.0,1,0,59.4,0,0,0.0,0,0.0,1.0,0.0,0.0,10,2,0
783,1260,778,18.0,0,0,9.8417,0,9,0.0,1,1.0,0.0,0.0,1.0,7,1,1
784,564,731,40.0,0,0,13.0,0,21,0.0,1,1.0,0.0,1.0,0.0,7,1,1
785,1213,728,29.461300741839764,0,0,8.05,0,0,0.0,0,0.0,0.0,0.0,1.0,10,1,1
786,255,699,24.0,0,0,69.3,21,21,0.0,1,1.0,1.0,0.0,0.0,8,1,1
787,829,303,16.0,5,2,46.9,0,0,0.0,0,1.0,0.0,0.0,1.0,7,8,0
788,183,464,35.0,0,0,262.375,12,13,0.0,1,0.0,1.0,0.0,0.0,10,1,1
789,444,351,21.0,2,0,73.5,0,0,0.0,0,0.0,0.0,1.0,0.0,10,3,0
790,304,797,60.0,1,0,75.25,98,15,0.0,1,1.0,1.0,0.0,0.0,11,2,0
791,8,35,53.0,2,0,51.4792,43,26,0.0,1,1.0,1.0,0.0,0.0,11,3,0
792,993,498,29.461300741839764,0,0,7.7375,0,11,0.0,1,1.0,0.0,0.0,1.0,7,1,1
793,778,233,30.0,0,0,12.475,0,5,0.0,1,1.0,0.0,0.0,1.0,7,1,1
794,49,132,36.0,0,1,262.375,29,13,0.0,1,0.0,1.0,0.0,0.0,10,2,0
795,465,390,23.0,0,0,13.7917,84,3,0.0,1,1.0,0.0,1.0,0.0,11,1,1
796,1101,603,1.0,4,1,39.6875,0,0,0.0,0,0.0,0.0,0.0,1.0,6,6,0
797,909,407,32.0,0,0,7.925,0,9,0.0,1,0.0,0.0,0.0,1.0,10,1,1
798,941,439,25.0,0,0,7.2292,126,2,0.0,1,0.0,0.0,0.0,1.0,10,1,1
799,418,287,47.0,0,0,10.5,0,0,0.0,0,0.0,0.0,1.0,0.0,10,1,1
800,1287,817,51.0,0,0,7.75,0,0,0.0,0,0.0,0.0,0.0,1.0,10,1,1
801,748,200,34.0,1,1,14.4,0,0,197.0,0,0.0,0.0,0.0,1.0,10,3,0
802,312,818,50.0,1,1,211.5,75,0,0.0,0,0.0,1.0,0.0,0.0,10,3,0
803,1206,723,4.0,3,2,27.9,0,0,0.0,0,0.0,0.0,0.0,1.0,6,6,0
804,1226,747,19.0,0,0,7.8958,0,0,0.0,0,0.0,0.0,0.0,1.0,10,1,1
805,261,715,35.0,0,0,26.2875,111,15,0.0,1,0.0,1.0,0.0,0.0,10,1,1
806,466,409,34.0,1,0,26.0,0,0,283.0,0,0.0,0.0,1.0,0.0,10,2,0
807,1210,726,40.0,1,4,27.9,0,0,0.0,0,0.0,0.0,0.0,1.0,10,6,0
808,464,387,32.0,0,0,10.5,0,0,0.0,0,0.0,0.0,1.0,0.0,10,1,1
809,577,794,31.0,0,0,21.0,0,8,0.0,1,1.0,0.0,1.0,0.0,7,1,1
810,1045,550,18.0,0,0,7.75,0,0,0.0,0,0.0,0.0,0.0,1.0,10,1,1
811,820,295,9.0,0,2,20.525,0,25,0.0,1,0.0,0.0,0.0,1.0,6,3,0
812,1095,583,29.461300741839764,0,0,7.6292,0,0,0.0,0,1.0,0.0,0.0,1.0,7,1,1
813,243,670,46.0,0,0,79.2,0,0,16.0,0,0.0,1.0,0.0,0.0,10,1,1
814,1306,839,26.5,0,0,7.225,0,0,299.7699999999997,0,0.0,0.0,0.0,1.0,10,1,1
815,239,664,31.0,0,0,50.4958,4,0,0.0,0,0.0,1.0,0.0,0.0,10,1,1
816,386,205,18.0,0,0,73.5,0,0,0.0,0,0.0,0.0,1.0,0.0,10,1,1
817,532,622,41.0,0,0,13.0,0,0,0.0,0,0.0,0.0,1.0,0.0,13,1,1
818,1167,687,29.461300741839764,0,0,7.7292,0,0,0.0,0,0.0,0.0,0.0,1.0,10,1,1
819,1123,624,29.461300741839764,0,2,22.3583,0,26,0.0,1,1.0,0.0,0.0,1.0,11,3,0
820,754,207,21.0,2,0,24.15,0,0,0.0,0,0.0,0.0,0.0,1.0,10,3,0
821,855,334,11.0,0,0,18.7875,0,0,0.0,0,0.0,0.0,0.0,1.0,10,1,1
822,1188,705,24.0,0,2,16.7,133,5,0.0,1,1.0,0.0,0.0,1.0,11,3,0
823,693,112,21.0,0,0,7.8208,0,5,0.0,1,0.0,0.0,0.0,1.0,10,1,1
824,253,682,48.0,1,3,262.375,31,14,0.0,1,1.0,1.0,0.0,0.0,11,5,0
825,892,394,31.0,0,0,7.775,0,0,0.0,0,0.0,0.0,0.0,1.0,10,1,1
826,1245,768,29.461300741839764,0,0,8.05,0,0,0.0,0,0.0,0.0,0.0,1.0,10,1,1
827,94,224,4.0,0,2,81.8583,7,15,0.0,1,0.0,1.0,0.0,0.0,6,3,0
828,104,248,54.0,1,0,78.2667,88,14,0.0,1,1.0,1.0,0.0,0.0,7,2,0
829,217,567,64.0,0,0,26.0,0,0,263.0,0,0.0,1.0,0.0,0.0,10,1,1
830,306,812,54.0,0,1,77.2875,91,0,0.0,0,0.0,1.0,0.0,0.0,10,2,0
831,487,478,61.0,0,0,12.35,0,0,0.0,0,0.0,0.0,1.0,0.0,10,1,1
832,61,146,64.0,1,0,78.85,62,18,0.0,1,1.0,1.0,0.0,0.0,11,2,0
833,345,78,23.0,0,0,13.0,0,0,0.0,0,0.0,0.0,1.0,0.0,10,1,1
834,107,256,29.461300741839764,0,0,31.6833,0,19,0.0,1,1.0,1.0,0.0,0.0,11,1,1
835,102,240,23.0,0,1,83.1583,67,19,0.0,1,1.0,1.0,0.0,0.0,11,2,0
836,333,59,36.0,0,0,13.0,84,2,0.0,1,1.0,0.0,1.0,0.0,11,1,1
837,62,148,46.0,1,0,61.175,113,0,0.0,0,0.0,1.0,0.0,0.0,10,2,0
838,1256,775,7.0,1,1,15.2458,0,24,0.0,1,0.0,0.0,0.0,1.0,6,3,0
839,208,527,37.0,1,0,90.0,74,8,0.0,1,1.0,1.0,0.0,0.0,11,2,0
840,709,136,16.0,0,0,7.75,0,11,0.0,1,1.0,0.0,0.0,1.0,7,1,1
841,1288,821,18.0,1,0,6.4958,0,0,299.7699999999997,0,0.0,0.0,0.0,1.0,10,2,0
842,165,374,38.0,1,0,90.0,82,26,0.0,1,0.0,1.0,0.0,0.0,10,2,0
843,158,353,55.0,0,0,50.0,61,0,0.0,0,0.0,1.0,0.0,0.0,10,1,1
844,174,425,58.0,0,0,29.7,22,0,258.0,0,0.0,1.0,0.0,0.0,10,1,1
845,467,410,24.0,1,0,26.0,0,4,0.0,1,1.0,0.0,1.0,0.0,11,2,0
846,1112,612,3.0,1,1,13.775,0,0,0.0,0,1.0,0.0,0.0,1.0,7,3,0
847,425,309,52.0,0,0,13.0,0,0,19.0,0,0.0,0.0,1.0,0.0,10,1,1
